factor::dose_g_L,factor::concentration_ppm,factor::pH,prediction::response
0.5,4.0,7.0,59.086166666666685
0.5,4.3,6.7,58.311166666666686
0.5,4.3,7.0,57.80991666666668
0.5,4.3,7.300000000000001,57.308666666666674
0.5,4.6,6.4,57.49566666666669
0.5,4.6,6.7,57.01466666666669
0.5,4.6,7.0,56.53366666666668
0.5,4.6,7.300000000000001,56.05266666666668
0.5,4.6,7.6000000000000005,55.57166666666667
0.5,4.9,6.1000000000000005,56.639666666666685
0.5,4.9,6.4,56.17891666666669
0.5,4.9,6.7,55.71816666666668
0.5,4.9,7.0,55.257416666666686
0.5,4.9,7.300000000000001,54.79666666666668
0.5,4.9,7.6000000000000005,54.33591666666667
0.5,4.9,7.9,53.87516666666667
0.5,5.2,5.800000000000001,55.743166666666696
0.5,5.2,6.1000000000000005,55.30266666666669
0.5,5.2,6.4,54.86216666666669
0.5,5.2,6.7,54.42166666666669
0.5,5.2,7.0,53.98116666666669
0.5,5.2,7.300000000000001,53.54066666666669
0.5,5.2,7.6000000000000005,53.100166666666674
0.5,5.2,7.9,52.65966666666667
0.5,5.2,8.200000000000001,52.21916666666667
0.5,5.5,5.5,54.80616666666669
0.5,5.5,5.800000000000001,54.38591666666669
0.5,5.5,6.1000000000000005,53.965666666666685
0.5,5.5,6.4,53.54541666666668
0.5,5.5,6.7,53.125166666666686
0.5,5.5,7.0,52.704916666666676
0.5,5.5,7.300000000000001,52.28466666666667
0.5,5.5,7.6000000000000005,51.86441666666667
0.5,5.5,7.9,51.444166666666675
0.5,5.5,8.200000000000001,51.02391666666667
0.5,5.5,8.5,50.60366666666667
0.5,5.800000000000001,5.2,53.828666666666685
0.5,5.800000000000001,5.5,53.428666666666686
0.5,5.800000000000001,5.800000000000001,53.02866666666668
0.5,5.800000000000001,6.1000000000000005,52.62866666666668
0.5,5.800000000000001,6.4,52.22866666666668
0.5,5.800000000000001,6.7,51.82866666666668
0.5,5.800000000000001,7.0,51.42866666666668
0.5,5.800000000000001,7.300000000000001,51.02866666666668
0.5,5.800000000000001,7.6000000000000005,50.62866666666667
0.5,5.800000000000001,7.9,50.22866666666667
0.5,5.800000000000001,8.200000000000001,49.82866666666667
0.5,5.800000000000001,8.5,49.42866666666667
0.5,5.800000000000001,8.8,49.028666666666666
0.5,6.1000000000000005,4.9,52.81066666666669
0.5,6.1000000000000005,5.2,52.43091666666669
0.5,6.1000000000000005,5.5,52.05116666666669
0.5,6.1000000000000005,5.800000000000001,51.67141666666669
0.5,6.1000000000000005,6.1000000000000005,51.291666666666686
0.5,6.1000000000000005,6.4,50.911916666666684
0.5,6.1000000000000005,6.7,50.53216666666668
0.5,6.1000000000000005,7.0,50.15241666666668
0.5,6.1000000000000005,7.300000000000001,49.77266666666668
0.5,6.1000000000000005,7.6000000000000005,49.39291666666667
0.5,6.1000000000000005,7.9,49.01316666666668
0.5,6.1000000000000005,8.200000000000001,48.633416666666676
0.5,6.1000000000000005,8.5,48.253666666666675
0.5,6.1000000000000005,8.8,47.87391666666667
0.5,6.1000000000000005,9.100000000000001,47.49416666666667
0.5,6.4,4.6,51.75216666666668
0.5,6.4,4.9,51.392666666666685
0.5,6.4,5.2,51.03316666666668
0.5,6.4,5.5,50.67366666666668
0.5,6.4,5.800000000000001,50.31416666666668
0.5,6.4,6.1000000000000005,49.95466666666668
0.5,6.4,6.4,49.59516666666668
0.5,6.4,6.7,49.23566666666668
0.5,6.4,7.0,48.87616666666668
0.5,6.4,7.300000000000001,48.51666666666667
0.5,6.4,7.6000000000000005,48.157166666666676
0.5,6.4,7.9,47.79766666666667
0.5,6.4,8.200000000000001,47.438166666666675
0.5,6.4,8.5,47.07866666666667
0.5,6.4,8.8,46.71916666666667
0.5,6.4,9.100000000000001,46.35966666666667
0.5,6.4,9.4,46.00016666666667
0.5,6.7,4.3,50.65316666666669
0.5,6.7,4.6,50.313916666666685
0.5,6.7,4.9,49.974666666666685
0.5,6.7,5.2,49.635416666666686
0.5,6.7,5.5,49.296166666666686
0.5,6.7,5.800000000000001,48.956916666666686
0.5,6.7,6.1000000000000005,48.617666666666686
0.5,6.7,6.4,48.278416666666686
0.5,6.7,6.7,47.93916666666669
0.5,6.7,7.0,47.59991666666668
0.5,6.7,7.300000000000001,47.26066666666668
0.5,6.7,7.6000000000000005,46.92141666666668
0.5,6.7,7.9,46.58216666666668
0.5,6.7,8.200000000000001,46.24291666666668
0.5,6.7,8.5,45.90366666666668
0.5,6.7,8.8,45.56441666666667
0.5,6.7,9.100000000000001,45.225166666666674
0.5,6.7,9.4,44.885916666666674
0.5,6.7,9.7,44.546666666666674
0.5,7.0,4.0,49.51366666666668
0.5,7.0,4.3,49.19466666666668
0.5,7.0,4.6,48.87566666666668
0.5,7.0,4.9,48.55666666666668
0.5,7.0,5.2,48.237666666666684
0.5,7.0,5.5,47.91866666666668
0.5,7.0,5.800000000000001,47.59966666666668
0.5,7.0,6.1000000000000005,47.28066666666668
0.5,7.0,6.4,46.96166666666668
0.5,7.0,6.7,46.642666666666685
0.5,7.0,7.0,46.32366666666668
0.5,7.0,7.300000000000001,46.00466666666668
0.5,7.0,7.6000000000000005,45.68566666666668
0.5,7.0,7.9,45.366666666666674
0.5,7.0,8.200000000000001,45.04766666666667
0.5,7.0,8.5,44.728666666666676
0.5,7.0,8.8,44.40966666666667
0.5,7.0,9.100000000000001,44.09066666666668
0.5,7.0,9.4,43.771666666666675
0.5,7.0,9.7,43.45266666666667
0.5,7.0,10.0,43.13366666666667
0.5,7.300000000000001,4.3,47.73616666666668
0.5,7.300000000000001,4.6,47.43741666666668
0.5,7.300000000000001,4.9,47.13866666666667
0.5,7.300000000000001,5.2,46.839916666666674
0.5,7.300000000000001,5.5,46.541166666666676
0.5,7.300000000000001,5.800000000000001,46.24241666666668
0.5,7.300000000000001,6.1000000000000005,45.94366666666668
0.5,7.300000000000001,6.4,45.644916666666674
0.5,7.300000000000001,6.7,45.346166666666676
0.5,7.300000000000001,7.0,45.04741666666667
0.5,7.300000000000001,7.300000000000001,44.74866666666667
0.5,7.300000000000001,7.6000000000000005,44.449916666666674
0.5,7.300000000000001,7.9,44.151166666666676
0.5,7.300000000000001,8.200000000000001,43.85241666666667
0.5,7.300000000000001,8.5,43.55366666666667
0.5,7.300000000000001,8.8,43.254916666666674
0.5,7.300000000000001,9.100000000000001,42.956166666666675
0.5,7.300000000000001,9.4,42.65741666666668
0.5,7.300000000000001,9.7,42.35866666666668
0.5,7.6000000000000005,4.6,45.999166666666675
0.5,7.6000000000000005,4.9,45.72066666666667
0.5,7.6000000000000005,5.2,45.44216666666668
0.5,7.6000000000000005,5.5,45.16366666666668
0.5,7.6000000000000005,5.800000000000001,44.88516666666668
0.5,7.6000000000000005,6.1000000000000005,44.606666666666676
0.5,7.6000000000000005,6.4,44.32816666666668
0.5,7.6000000000000005,6.7,44.04966666666668
0.5,7.6000000000000005,7.0,43.77116666666667
0.5,7.6000000000000005,7.300000000000001,43.49266666666667
0.5,7.6000000000000005,7.6000000000000005,43.21416666666668
0.5,7.6000000000000005,7.9,42.93566666666668
0.5,7.6000000000000005,8.200000000000001,42.657166666666676
0.5,7.6000000000000005,8.5,42.378666666666675
0.5,7.6000000000000005,8.8,42.10016666666668
0.5,7.6000000000000005,9.100000000000001,41.82166666666668
0.5,7.6000000000000005,9.4,41.54316666666668
0.5,7.9,4.9,44.302666666666674
0.5,7.9,5.2,44.04441666666667
0.5,7.9,5.5,43.786166666666674
0.5,7.9,5.800000000000001,43.52791666666668
0.5,7.9,6.1000000000000005,43.26966666666667
0.5,7.9,6.4,43.011416666666676
0.5,7.9,6.7,42.75316666666668
0.5,7.9,7.0,42.49491666666668
0.5,7.9,7.300000000000001,42.23666666666668
0.5,7.9,7.6000000000000005,41.978416666666675
0.5,7.9,7.9,41.72016666666667
0.5,7.9,8.200000000000001,41.461916666666674
0.5,7.9,8.5,41.20366666666668
0.5,7.9,8.8,40.945416666666674
0.5,7.9,9.100000000000001,40.68716666666668
0.5,8.200000000000001,5.2,42.64666666666667
0.5,8.200000000000001,5.5,42.40866666666667
0.5,8.200000000000001,5.800000000000001,42.17066666666667
0.5,8.200000000000001,6.1000000000000005,41.93266666666667
0.5,8.200000000000001,6.4,41.69466666666667
0.5,8.200000000000001,6.7,41.45666666666667
0.5,8.200000000000001,7.0,41.21866666666667
0.5,8.200000000000001,7.300000000000001,40.98066666666667
0.5,8.200000000000001,7.6000000000000005,40.74266666666667
0.5,8.200000000000001,7.9,40.50466666666667
0.5,8.200000000000001,8.200000000000001,40.26666666666667
0.5,8.200000000000001,8.5,40.02866666666667
0.5,8.200000000000001,8.8,39.790666666666674
0.5,8.5,5.5,41.03116666666667
0.5,8.5,5.800000000000001,40.813416666666676
0.5,8.5,6.1000000000000005,40.59566666666667
0.5,8.5,6.4,40.37791666666668
0.5,8.5,6.7,40.160166666666676
0.5,8.5,7.0,39.942416666666674
0.5,8.5,7.300000000000001,39.72466666666667
0.5,8.5,7.6000000000000005,39.506916666666676
0.5,8.5,7.9,39.289166666666674
0.5,8.5,8.200000000000001,39.07141666666668
0.5,8.5,8.5,38.85366666666668
0.5,8.8,5.800000000000001,39.45616666666667
0.5,8.8,6.1000000000000005,39.25866666666667
0.5,8.8,6.4,39.06116666666667
0.5,8.8,6.7,38.863666666666674
0.5,8.8,7.0,38.666166666666676
0.5,8.8,7.300000000000001,38.46866666666668
0.5,8.8,7.6000000000000005,38.27116666666667
0.5,8.8,7.9,38.073666666666675
0.5,8.8,8.200000000000001,37.87616666666668
0.5,9.100000000000001,6.1000000000000005,37.921666666666674
0.5,9.100000000000001,6.4,37.74441666666667
0.5,9.100000000000001,6.7,37.56716666666668
0.5,9.100000000000001,7.0,37.38991666666668
0.5,9.100000000000001,7.300000000000001,37.21266666666668
0.5,9.100000000000001,7.6000000000000005,37.03541666666668
0.5,9.100000000000001,7.9,36.858166666666676
0.5,9.4,6.4,36.427666666666674
0.5,9.4,6.7,36.27066666666667
0.5,9.4,7.0,36.11366666666667
0.5,9.4,7.300000000000001,35.95666666666667
0.5,9.4,7.6000000000000005,35.799666666666674
0.5,9.7,6.7,34.974166666666676
0.5,9.7,7.0,34.83741666666667
0.5,9.7,7.300000000000001,34.70066666666668
0.5,10.0,7.0,33.56116666666668
0.55,4.0,6.7,59.71706666666669
0.55,4.0,7.0,59.26616666666668
0.55,4.0,7.300000000000001,58.81526666666668
0.55,4.3,6.4,58.90346666666669
0.55,4.3,6.7,58.47281666666668
0.55,4.3,7.0,58.042166666666674
0.55,4.3,7.300000000000001,57.611516666666674
0.55,4.3,7.6000000000000005,57.180866666666674
0.55,4.6,6.1000000000000005,58.04936666666669
0.55,4.6,6.4,57.63896666666669
0.55,4.6,6.7,57.22856666666668
0.55,4.6,7.0,56.818166666666684
0.55,4.6,7.300000000000001,56.40776666666668
0.55,4.6,7.6000000000000005,55.99736666666668
0.55,4.6,7.9,55.586966666666676
0.55,4.9,5.800000000000001,57.15476666666669
0.55,4.9,6.1000000000000005,56.76461666666669
0.55,4.9,6.4,56.37446666666669
0.55,4.9,6.7,55.984316666666686
0.55,4.9,7.0,55.59416666666668
0.55,4.9,7.300000000000001,55.204016666666675
0.55,4.9,7.6000000000000005,54.81386666666668
0.55,4.9,7.9,54.42371666666667
0.55,4.9,8.200000000000001,54.03356666666667
0.55,5.2,5.5,56.2196666666667
0.55,5.2,5.800000000000001,55.849766666666696
0.55,5.2,6.1000000000000005,55.479866666666695
0.55,5.2,6.4,55.10996666666669
0.55,5.2,6.7,54.74006666666669
0.55,5.2,7.0,54.370166666666684
0.55,5.2,7.300000000000001,54.00026666666668
0.55,5.2,7.6000000000000005,53.630366666666674
0.55,5.2,7.9,53.26046666666668
0.55,5.2,8.200000000000001,52.89056666666667
0.55,5.2,8.5,52.52066666666668
0.55,5.5,5.2,55.24406666666669
0.55,5.5,5.5,54.89441666666669
0.55,5.5,5.800000000000001,54.54476666666669
0.55,5.5,6.1000000000000005,54.195116666666685
0.55,5.5,6.4,53.84546666666669
0.55,5.5,6.7,53.49581666666668
0.55,5.5,7.0,53.14616666666668
0.55,5.5,7.300000000000001,52.796516666666676
0.55,5.5,7.6000000000000005,52.44686666666667
0.55,5.5,7.9,52.097216666666675
0.55,5.5,8.200000000000001,51.74756666666667
0.55,5.5,8.5,51.397916666666674
0.55,5.5,8.8,51.04826666666667
0.55,5.800000000000001,4.9,54.22796666666669
0.55,5.800000000000001,5.2,53.89856666666669
0.55,5.800000000000001,5.5,53.56916666666668
0.55,5.800000000000001,5.800000000000001,53.23976666666668
0.55,5.800000000000001,6.1000000000000005,52.91036666666668
0.55,5.800000000000001,6.4,52.58096666666668
0.55,5.800000000000001,6.7,52.25156666666668
0.55,5.800000000000001,7.0,51.922166666666676
0.55,5.800000000000001,7.300000000000001,51.59276666666668
0.55,5.800000000000001,7.6000000000000005,51.26336666666667
0.55,5.800000000000001,7.9,50.93396666666667
0.55,5.800000000000001,8.200000000000001,50.60456666666667
0.55,5.800000000000001,8.5,50.27516666666667
0.55,5.800000000000001,8.8,49.94576666666667
0.55,5.800000000000001,9.100000000000001,49.616366666666664
0.55,6.1000000000000005,4.6,53.17136666666669
0.55,6.1000000000000005,4.9,52.86221666666669
0.55,6.1000000000000005,5.2,52.55306666666669
0.55,6.1000000000000005,5.5,52.243916666666685
0.55,6.1000000000000005,5.800000000000001,51.93476666666669
0.55,6.1000000000000005,6.1000000000000005,51.62561666666669
0.55,6.1000000000000005,6.4,51.316466666666685
0.55,6.1000000000000005,6.7,51.00731666666668
0.55,6.1000000000000005,7.0,50.69816666666668
0.55,6.1000000000000005,7.300000000000001,50.38901666666668
0.55,6.1000000000000005,7.6000000000000005,50.079866666666675
0.55,6.1000000000000005,7.9,49.77071666666668
0.55,6.1000000000000005,8.200000000000001,49.46156666666668
0.55,6.1000000000000005,8.5,49.152416666666674
0.55,6.1000000000000005,8.8,48.84326666666667
0.55,6.1000000000000005,9.100000000000001,48.53411666666668
0.55,6.1000000000000005,9.4,48.224966666666674
0.55,6.4,4.3,52.07426666666669
0.55,6.4,4.6,51.78536666666668
0.55,6.4,4.9,51.496466666666684
0.55,6.4,5.2,51.207566666666686
0.55,6.4,5.5,50.91866666666668
0.55,6.4,5.800000000000001,50.62976666666668
0.55,6.4,6.1000000000000005,50.340866666666685
0.55,6.4,6.4,50.05196666666668
0.55,6.4,6.7,49.763066666666674
0.55,6.4,7.0,49.474166666666676
0.55,6.4,7.300000000000001,49.18526666666667
0.55,6.4,7.6000000000000005,48.89636666666667
0.55,6.4,7.9,48.607466666666674
0.55,6.4,8.200000000000001,48.31856666666667
0.55,6.4,8.5,48.02966666666667
0.55,6.4,8.8,47.74076666666667
0.55,6.4,9.100000000000001,47.451866666666675
0.55,6.4,9.4,47.16296666666667
0.55,6.4,9.7,46.87406666666667
0.55,6.7,4.0,50.936666666666696
0.55,6.7,4.3,50.66801666666669
0.55,6.7,4.6,50.39936666666669
0.55,6.7,4.9,50.130716666666686
0.55,6.7,5.2,49.862066666666685
0.55,6.7,5.5,49.593416666666684
0.55,6.7,5.800000000000001,49.32476666666668
0.55,6.7,6.1000000000000005,49.05611666666668
0.55,6.7,6.4,48.78746666666669
0.55,6.7,6.7,48.51881666666668
0.55,6.7,7.0,48.25016666666668
0.55,6.7,7.300000000000001,47.98151666666668
0.55,6.7,7.6000000000000005,47.71286666666668
0.55,6.7,7.9,47.44421666666668
0.55,6.7,8.200000000000001,47.175566666666676
0.55,6.7,8.5,46.90691666666668
0.55,6.7,8.8,46.63826666666668
0.55,6.7,9.100000000000001,46.36961666666668
0.55,6.7,9.4,46.10096666666668
0.55,6.7,9.7,45.83231666666668
0.55,6.7,10.0,45.56366666666667
0.55,7.0,4.0,49.51016666666668
0.55,7.0,4.3,49.26176666666668
0.55,7.0,4.6,49.013366666666684
0.55,7.0,4.9,48.76496666666668
0.55,7.0,5.2,48.516566666666684
0.55,7.0,5.5,48.26816666666668
0.55,7.0,5.800000000000001,48.01976666666668
0.55,7.0,6.1000000000000005,47.77136666666668
0.55,7.0,6.4,47.52296666666668
0.55,7.0,6.7,47.27456666666668
0.55,7.0,7.0,47.026166666666676
0.55,7.0,7.300000000000001,46.77776666666667
0.55,7.0,7.6000000000000005,46.529366666666675
0.55,7.0,7.9,46.28096666666668
0.55,7.0,8.200000000000001,46.032566666666675
0.55,7.0,8.5,45.78416666666668
0.55,7.0,8.8,45.535766666666674
0.55,7.0,9.100000000000001,45.28736666666668
0.55,7.0,9.4,45.038966666666674
0.55,7.0,9.7,44.79056666666668
0.55,7.0,10.0,44.542166666666674
0.55,7.300000000000001,4.0,48.08366666666668
0.55,7.300000000000001,4.3,47.855516666666674
0.55,7.300000000000001,4.6,47.627366666666674
0.55,7.300000000000001,4.9,47.399216666666675
0.55,7.300000000000001,5.2,47.171066666666675
0.55,7.300000000000001,5.5,46.942916666666676
0.55,7.300000000000001,5.800000000000001,46.71476666666668
0.55,7.300000000000001,6.1000000000000005,46.48661666666668
0.55,7.300000000000001,6.4,46.25846666666668
0.55,7.300000000000001,6.7,46.03031666666667
0.55,7.300000000000001,7.0,45.80216666666667
0.55,7.300000000000001,7.300000000000001,45.57401666666667
0.55,7.300000000000001,7.6000000000000005,45.34586666666667
0.55,7.300000000000001,7.9,45.117716666666674
0.55,7.300000000000001,8.200000000000001,44.889566666666674
0.55,7.300000000000001,8.5,44.661416666666675
0.55,7.300000000000001,8.8,44.433266666666675
0.55,7.300000000000001,9.100000000000001,44.205116666666676
0.55,7.300000000000001,9.4,43.97696666666668
0.55,7.300000000000001,9.7,43.74881666666668
0.55,7.300000000000001,10.0,43.52066666666667
0.55,7.6000000000000005,4.3,46.449266666666674
0.55,7.6000000000000005,4.6,46.24136666666668
0.55,7.6000000000000005,4.9,46.033466666666676
0.55,7.6000000000000005,5.2,45.825566666666674
0.55,7.6000000000000005,5.5,45.61766666666668
0.55,7.6000000000000005,5.800000000000001,45.40976666666668
0.55,7.6000000000000005,6.1000000000000005,45.20186666666668
0.55,7.6000000000000005,6.4,44.99396666666668
0.55,7.6000000000000005,6.7,44.78606666666668
0.55,7.6000000000000005,7.0,44.578166666666675
0.55,7.6000000000000005,7.300000000000001,44.37026666666667
0.55,7.6000000000000005,7.6000000000000005,44.16236666666668
0.55,7.6000000000000005,7.9,43.954466666666676
0.55,7.6000000000000005,8.200000000000001,43.74656666666668
0.55,7.6000000000000005,8.5,43.53866666666668
0.55,7.6000000000000005,8.8,43.330766666666676
0.55,7.6000000000000005,9.100000000000001,43.12286666666668
0.55,7.6000000000000005,9.4,42.91496666666668
0.55,7.6000000000000005,9.7,42.707066666666684
0.55,7.9,4.6,44.85536666666667
0.55,7.9,4.9,44.66771666666667
0.55,7.9,5.2,44.48006666666667
0.55,7.9,5.5,44.292416666666675
0.55,7.9,5.800000000000001,44.10476666666668
0.55,7.9,6.1000000000000005,43.91711666666668
0.55,7.9,6.4,43.729466666666674
0.55,7.9,6.7,43.541816666666676
0.55,7.9,7.0,43.35416666666667
0.55,7.9,7.300000000000001,43.16651666666667
0.55,7.9,7.6000000000000005,42.978866666666676
0.55,7.9,7.9,42.79121666666668
0.55,7.9,8.200000000000001,42.60356666666667
0.55,7.9,8.5,42.415916666666675
0.55,7.9,8.8,42.22826666666668
0.55,7.9,9.100000000000001,42.04061666666668
0.55,7.9,9.4,41.85296666666668
0.55,8.200000000000001,4.9,43.301966666666665
0.55,8.200000000000001,5.2,43.13456666666667
0.55,8.200000000000001,5.5,42.96716666666667
0.55,8.200000000000001,5.800000000000001,42.79976666666667
0.55,8.200000000000001,6.1000000000000005,42.63236666666667
0.55,8.200000000000001,6.4,42.464966666666676
0.55,8.200000000000001,6.7,42.29756666666667
0.55,8.200000000000001,7.0,42.13016666666667
0.55,8.200000000000001,7.300000000000001,41.96276666666667
0.55,8.200000000000001,7.6000000000000005,41.795366666666666
0.55,8.200000000000001,7.9,41.62796666666667
0.55,8.200000000000001,8.200000000000001,41.46056666666667
0.55,8.200000000000001,8.5,41.29316666666668
0.55,8.200000000000001,8.8,41.12576666666668
0.55,8.200000000000001,9.100000000000001,40.95836666666668
0.55,8.5,5.2,41.78906666666667
0.55,8.5,5.5,41.641916666666674
0.55,8.5,5.800000000000001,41.49476666666667
0.55,8.5,6.1000000000000005,41.347616666666674
0.55,8.5,6.4,41.20046666666668
0.55,8.5,6.7,41.053316666666674
0.55,8.5,7.0,40.90616666666667
0.55,8.5,7.300000000000001,40.759016666666675
0.55,8.5,7.6000000000000005,40.61186666666668
0.55,8.5,7.9,40.464716666666675
0.55,8.5,8.200000000000001,40.31756666666668
0.55,8.5,8.5,40.17041666666668
0.55,8.5,8.8,40.02326666666668
0.55,8.8,5.5,40.31666666666667
0.55,8.8,5.800000000000001,40.18976666666667
0.55,8.8,6.1000000000000005,40.06286666666667
0.55,8.8,6.4,39.93596666666667
0.55,8.8,6.7,39.80906666666667
0.55,8.8,7.0,39.68216666666667
0.55,8.8,7.300000000000001,39.55526666666667
0.55,8.8,7.6000000000000005,39.42836666666667
0.55,8.8,7.9,39.30146666666668
0.55,8.8,8.200000000000001,39.17456666666668
0.55,8.8,8.5,39.04766666666668
0.55,9.100000000000001,5.800000000000001,38.88476666666667
0.55,9.100000000000001,6.1000000000000005,38.778116666666676
0.55,9.100000000000001,6.4,38.671466666666674
0.55,9.100000000000001,6.7,38.56481666666668
0.55,9.100000000000001,7.0,38.45816666666667
0.55,9.100000000000001,7.300000000000001,38.351516666666676
0.55,9.100000000000001,7.6000000000000005,38.244866666666674
0.55,9.100000000000001,7.9,38.13821666666668
0.55,9.100000000000001,8.200000000000001,38.03156666666668
0.55,9.4,6.1000000000000005,37.49336666666667
0.55,9.4,6.4,37.40696666666667
0.55,9.4,6.7,37.320566666666664
0.55,9.4,7.0,37.23416666666667
0.55,9.4,7.300000000000001,37.14776666666667
0.55,9.4,7.6000000000000005,37.06136666666667
0.55,9.4,7.9,36.974966666666674
0.55,9.7,6.4,36.14246666666668
0.55,9.7,6.7,36.07631666666667
0.55,9.7,7.0,36.01016666666667
0.55,9.7,7.300000000000001,35.94401666666668
0.55,9.7,7.6000000000000005,35.87786666666668
0.55,10.0,6.7,34.83206666666668
0.55,10.0,7.0,34.786166666666674
0.55,10.0,7.300000000000001,34.74026666666667
0.6,4.0,6.4,60.206766666666695
0.6,4.0,6.7,59.82646666666669
0.6,4.0,7.0,59.446166666666684
0.6,4.0,7.300000000000001,59.06586666666668
0.6,4.0,7.6000000000000005,58.68556666666667
0.6,4.3,6.1000000000000005,59.35456666666669
0.6,4.3,6.4,58.99451666666669
0.6,4.3,6.7,58.63446666666668
0.6,4.3,7.0,58.27441666666668
0.6,4.3,7.300000000000001,57.91436666666667
0.6,4.3,7.6000000000000005,57.55431666666667
0.6,4.3,7.9,57.19426666666667
0.6,4.6,5.800000000000001,58.461866666666694
0.6,4.6,6.1000000000000005,58.1220666666667
0.6,4.6,6.4,57.78226666666669
0.6,4.6,6.7,57.44246666666668
0.6,4.6,7.0,57.102666666666686
0.6,4.6,7.300000000000001,56.76286666666668
0.6,4.6,7.6000000000000005,56.42306666666668
0.6,4.6,7.9,56.083266666666674
0.6,4.6,8.200000000000001,55.74346666666668
0.6,4.9,5.5,57.528666666666695
0.6,4.9,5.800000000000001,57.20911666666669
0.6,4.9,6.1000000000000005,56.88956666666669
0.6,4.9,6.4,56.57001666666669
0.6,4.9,6.7,56.25046666666669
0.6,4.9,7.0,55.930916666666675
0.6,4.9,7.300000000000001,55.611366666666676
0.6,4.9,7.6000000000000005,55.291816666666676
0.6,4.9,7.9,54.97226666666667
0.6,4.9,8.200000000000001,54.65271666666667
0.6,4.9,8.5,54.33316666666667
0.6,5.2,5.2,56.554966666666694
0.6,5.2,5.5,56.2556666666667
0.6,5.2,5.800000000000001,55.956366666666696
0.6,5.2,6.1000000000000005,55.657066666666694
0.6,5.2,6.4,55.35776666666669
0.6,5.2,6.7,55.05846666666669
0.6,5.2,7.0,54.75916666666668
0.6,5.2,7.300000000000001,54.45986666666668
0.6,5.2,7.6000000000000005,54.16056666666668
0.6,5.2,7.9,53.86126666666668
0.6,5.2,8.200000000000001,53.56196666666668
0.6,5.2,8.5,53.262666666666675
0.6,5.2,8.8,52.96336666666667
0.6,5.5,4.9,55.54076666666669
0.6,5.5,5.2,55.26171666666669
0.6,5.5,5.5,54.98266666666669
0.6,5.5,5.800000000000001,54.70361666666669
0.6,5.5,6.1000000000000005,54.42456666666669
0.6,5.5,6.4,54.14551666666669
0.6,5.5,6.7,53.86646666666668
0.6,5.5,7.0,53.58741666666668
0.6,5.5,7.300000000000001,53.30836666666668
0.6,5.5,7.6000000000000005,53.02931666666667
0.6,5.5,7.9,52.750266666666676
0.6,5.5,8.200000000000001,52.47121666666667
0.6,5.5,8.5,52.19216666666667
0.6,5.5,8.8,51.913116666666674
0.6,5.5,9.100000000000001,51.63406666666667
0.6,5.800000000000001,4.6,54.48606666666669
0.6,5.800000000000001,4.9,54.22726666666669
0.6,5.800000000000001,5.2,53.968466666666686
0.6,5.800000000000001,5.5,53.709666666666685
0.6,5.800000000000001,5.800000000000001,53.450866666666684
0.6,5.800000000000001,6.1000000000000005,53.19206666666668
0.6,5.800000000000001,6.4,52.93326666666668
0.6,5.800000000000001,6.7,52.67446666666668
0.6,5.800000000000001,7.0,52.415666666666674
0.6,5.800000000000001,7.300000000000001,52.15686666666667
0.6,5.800000000000001,7.6000000000000005,51.89806666666667
0.6,5.800000000000001,7.9,51.63926666666667
0.6,5.800000000000001,8.200000000000001,51.38046666666667
0.6,5.800000000000001,8.5,51.12166666666667
0.6,5.800000000000001,8.8,50.86286666666667
0.6,5.800000000000001,9.100000000000001,50.60406666666667
0.6,5.800000000000001,9.4,50.34526666666667
0.6,6.1000000000000005,4.3,53.39086666666669
0.6,6.1000000000000005,4.6,53.15231666666669
0.6,6.1000000000000005,4.9,52.91376666666669
0.6,6.1000000000000005,5.2,52.67521666666669
0.6,6.1000000000000005,5.5,52.43666666666669
0.6,6.1000000000000005,5.800000000000001,52.198116666666685
0.6,6.1000000000000005,6.1000000000000005,51.95956666666669
0.6,6.1000000000000005,6.4,51.721016666666685
0.6,6.1000000000000005,6.7,51.48246666666669
0.6,6.1000000000000005,7.0,51.24391666666668
0.6,6.1000000000000005,7.300000000000001,51.00536666666668
0.6,6.1000000000000005,7.6000000000000005,50.76681666666668
0.6,6.1000000000000005,7.9,50.528266666666674
0.6,6.1000000000000005,8.200000000000001,50.28971666666668
0.6,6.1000000000000005,8.5,50.051166666666674
0.6,6.1000000000000005,8.8,49.81261666666668
0.6,6.1000000000000005,9.100000000000001,49.574066666666674
0.6,6.1000000000000005,9.4,49.33551666666668
0.6,6.1000000000000005,9.7,49.096966666666674
0.6,6.4,4.0,52.255166666666696
0.6,6.4,4.3,52.03686666666668
0.6,6.4,4.6,51.81856666666668
0.6,6.4,4.9,51.600266666666684
0.6,6.4,5.2,51.381966666666685
0.6,6.4,5.5,51.163666666666686
0.6,6.4,5.800000000000001,50.945366666666686
0.6,6.4,6.1000000000000005,50.72706666666669
0.6,6.4,6.4,50.50876666666668
0.6,6.4,6.7,50.290466666666674
0.6,6.4,7.0,50.072166666666675
0.6,6.4,7.300000000000001,49.853866666666676
0.6,6.4,7.6000000000000005,49.635566666666676
0.6,6.4,7.9,49.41726666666668
0.6,6.4,8.200000000000001,49.19896666666667
0.6,6.4,8.5,48.98066666666667
0.6,6.4,8.8,48.76236666666667
0.6,6.4,9.100000000000001,48.54406666666667
0.6,6.4,9.4,48.325766666666674
0.6,6.4,9.7,48.107466666666674
0.6,6.4,10.0,47.88916666666667
0.6,6.7,4.0,50.88091666666669
0.6,6.7,4.3,50.68286666666668
0.6,6.7,4.6,50.48481666666669
0.6,6.7,4.9,50.286766666666686
0.6,6.7,5.2,50.088716666666684
0.6,6.7,5.5,49.89066666666669
0.6,6.7,5.800000000000001,49.69261666666669
0.6,6.7,6.1000000000000005,49.494566666666685
0.6,6.7,6.4,49.29651666666668
0.6,6.7,6.7,49.09846666666668
0.6,6.7,7.0,48.90041666666668
0.6,6.7,7.300000000000001,48.70236666666668
0.6,6.7,7.6000000000000005,48.50431666666668
0.6,6.7,7.9,48.30626666666668
0.6,6.7,8.200000000000001,48.10821666666668
0.6,6.7,8.5,47.91016666666668
0.6,6.7,8.8,47.71211666666668
0.6,6.7,9.100000000000001,47.51406666666668
0.6,6.7,9.4,47.31601666666668
0.6,6.7,9.7,47.117966666666675
0.6,6.7,10.0,46.91991666666667
0.6,7.0,4.0,49.50666666666668
0.6,7.0,4.3,49.328866666666684
0.6,7.0,4.6,49.15106666666668
0.6,7.0,4.9,48.97326666666668
0.6,7.0,5.2,48.795466666666684
0.6,7.0,5.5,48.61766666666668
0.6,7.0,5.800000000000001,48.43986666666668
0.6,7.0,6.1000000000000005,48.26206666666668
0.6,7.0,6.4,48.084266666666686
0.6,7.0,6.7,47.90646666666668
0.6,7.0,7.0,47.728666666666676
0.6,7.0,7.300000000000001,47.55086666666668
0.6,7.0,7.6000000000000005,47.37306666666667
0.6,7.0,7.9,47.195266666666676
0.6,7.0,8.200000000000001,47.01746666666668
0.6,7.0,8.5,46.83966666666668
0.6,7.0,8.8,46.661866666666675
0.6,7.0,9.100000000000001,46.48406666666668
0.6,7.0,9.4,46.30626666666668
0.6,7.0,9.7,46.128466666666675
0.6,7.0,10.0,45.95066666666667
0.6,7.300000000000001,4.0,48.132416666666686
0.6,7.300000000000001,4.3,47.97486666666668
0.6,7.300000000000001,4.6,47.81731666666668
0.6,7.300000000000001,4.9,47.65976666666668
0.6,7.300000000000001,5.2,47.502216666666676
0.6,7.300000000000001,5.5,47.344666666666676
0.6,7.300000000000001,5.800000000000001,47.187116666666675
0.6,7.300000000000001,6.1000000000000005,47.029566666666675
0.6,7.300000000000001,6.4,46.87201666666668
0.6,7.300000000000001,6.7,46.714466666666674
0.6,7.300000000000001,7.0,46.55691666666667
0.6,7.300000000000001,7.300000000000001,46.39936666666667
0.6,7.300000000000001,7.6000000000000005,46.24181666666667
0.6,7.300000000000001,7.9,46.08426666666667
0.6,7.300000000000001,8.200000000000001,45.92671666666667
0.6,7.300000000000001,8.5,45.76916666666668
0.6,7.300000000000001,8.8,45.61161666666668
0.6,7.300000000000001,9.100000000000001,45.45406666666668
0.6,7.300000000000001,9.4,45.296516666666676
0.6,7.300000000000001,9.7,45.138966666666676
0.6,7.300000000000001,10.0,44.98141666666667
0.6,7.6000000000000005,4.0,46.75816666666668
0.6,7.6000000000000005,4.3,46.62086666666668
0.6,7.6000000000000005,4.6,46.483566666666675
0.6,7.6000000000000005,4.9,46.34626666666668
0.6,7.6000000000000005,5.2,46.208966666666676
0.6,7.6000000000000005,5.5,46.07166666666668
0.6,7.6000000000000005,5.800000000000001,45.934366666666676
0.6,7.6000000000000005,6.1000000000000005,45.79706666666668
0.6,7.6000000000000005,6.4,45.659766666666684
0.6,7.6000000000000005,6.7,45.52246666666667
0.6,7.6000000000000005,7.0,45.38516666666668
0.6,7.6000000000000005,7.300000000000001,45.247866666666674
0.6,7.6000000000000005,7.6000000000000005,45.11056666666668
0.6,7.6000000000000005,7.9,44.973266666666674
0.6,7.6000000000000005,8.200000000000001,44.83596666666668
0.6,7.6000000000000005,8.5,44.69866666666668
0.6,7.6000000000000005,8.8,44.56136666666668
0.6,7.6000000000000005,9.100000000000001,44.42406666666668
0.6,7.6000000000000005,9.4,44.28676666666668
0.6,7.6000000000000005,9.7,44.14946666666668
0.6,7.6000000000000005,10.0,44.01216666666667
0.6,7.9,4.3,45.26686666666667
0.6,7.9,4.6,45.14981666666667
0.6,7.9,4.9,45.032766666666674
0.6,7.9,5.2,44.915716666666675
0.6,7.9,5.5,44.798666666666676
0.6,7.9,5.800000000000001,44.68161666666668
0.6,7.9,6.1000000000000005,44.56456666666668
0.6,7.9,6.4,44.44751666666668
0.6,7.9,6.7,44.33046666666668
0.6,7.9,7.0,44.213416666666674
0.6,7.9,7.300000000000001,44.096366666666675
0.6,7.9,7.6000000000000005,43.979316666666676
0.6,7.9,7.9,43.86226666666668
0.6,7.9,8.200000000000001,43.74521666666668
0.6,7.9,8.5,43.62816666666668
0.6,7.9,8.8,43.51111666666668
0.6,7.9,9.100000000000001,43.39406666666668
0.6,7.9,9.4,43.27701666666668
0.6,7.9,9.7,43.15996666666668
0.6,8.200000000000001,4.6,43.816066666666664
0.6,8.200000000000001,4.9,43.71926666666667
0.6,8.200000000000001,5.2,43.62246666666667
0.6,8.200000000000001,5.5,43.52566666666667
0.6,8.200000000000001,5.800000000000001,43.42886666666667
0.6,8.200000000000001,6.1000000000000005,43.33206666666667
0.6,8.200000000000001,6.4,43.235266666666675
0.6,8.200000000000001,6.7,43.138466666666666
0.6,8.200000000000001,7.0,43.04166666666667
0.6,8.200000000000001,7.300000000000001,42.94486666666667
0.6,8.200000000000001,7.6000000000000005,42.84806666666667
0.6,8.200000000000001,7.9,42.75126666666667
0.6,8.200000000000001,8.200000000000001,42.65446666666667
0.6,8.200000000000001,8.5,42.55766666666668
0.6,8.200000000000001,8.8,42.460866666666675
0.6,8.200000000000001,9.100000000000001,42.36406666666667
0.6,8.200000000000001,9.4,42.26726666666668
0.6,8.5,4.9,42.40576666666667
0.6,8.5,5.2,42.329216666666674
0.6,8.5,5.5,42.25266666666667
0.6,8.5,5.800000000000001,42.17611666666667
0.6,8.5,6.1000000000000005,42.099566666666675
0.6,8.5,6.4,42.02301666666668
0.6,8.5,6.7,41.94646666666667
0.6,8.5,7.0,41.869916666666676
0.6,8.5,7.300000000000001,41.79336666666667
0.6,8.5,7.6000000000000005,41.71681666666667
0.6,8.5,7.9,41.640266666666676
0.6,8.5,8.200000000000001,41.56371666666668
0.6,8.5,8.5,41.48716666666668
0.6,8.5,8.8,41.410616666666684
0.6,8.5,9.100000000000001,41.334066666666686
0.6,8.8,5.2,41.03596666666667
0.6,8.8,5.5,40.97966666666667
0.6,8.8,5.800000000000001,40.923366666666666
0.6,8.8,6.1000000000000005,40.86706666666667
0.6,8.8,6.4,40.81076666666667
0.6,8.8,6.7,40.75446666666667
0.6,8.8,7.0,40.69816666666667
0.6,8.8,7.300000000000001,40.64186666666667
0.6,8.8,7.6000000000000005,40.58556666666667
0.6,8.8,7.9,40.52926666666667
0.6,8.8,8.200000000000001,40.47296666666668
0.6,8.8,8.5,40.41666666666668
0.6,8.8,8.8,40.36036666666668
0.6,9.100000000000001,5.5,39.70666666666667
0.6,9.100000000000001,5.800000000000001,39.670616666666675
0.6,9.100000000000001,6.1000000000000005,39.63456666666667
0.6,9.100000000000001,6.4,39.598516666666676
0.6,9.100000000000001,6.7,39.56246666666668
0.6,9.100000000000001,7.0,39.52641666666667
0.6,9.100000000000001,7.300000000000001,39.490366666666674
0.6,9.100000000000001,7.6000000000000005,39.45431666666668
0.6,9.100000000000001,7.9,39.41826666666668
0.6,9.100000000000001,8.200000000000001,39.38221666666668
0.6,9.100000000000001,8.5,39.34616666666668
0.6,9.4,5.800000000000001,38.41786666666667
0.6,9.4,6.1000000000000005,38.40206666666667
0.6,9.4,6.4,38.38626666666667
0.6,9.4,6.7,38.370466666666665
0.6,9.4,7.0,38.35466666666667
0.6,9.4,7.300000000000001,38.338866666666675
0.6,9.4,7.6000000000000005,38.323066666666676
0.6,9.4,7.9,38.30726666666668
0.6,9.4,8.200000000000001,38.29146666666668
0.6,9.7,6.1000000000000005,37.169566666666675
0.6,9.7,6.4,37.174016666666674
0.6,9.7,6.7,37.17846666666667
0.6,9.7,7.0,37.18291666666667
0.6,9.7,7.300000000000001,37.18736666666668
0.6,9.7,7.6000000000000005,37.191816666666675
0.6,9.7,7.9,37.19626666666668
0.6,10.0,6.4,35.96176666666667
0.6,10.0,6.7,35.98646666666667
0.6,10.0,7.0,36.01116666666667
0.6,10.0,7.300000000000001,36.03586666666667
0.6,10.0,7.6000000000000005,36.06056666666667
0.65,4.0,6.1000000000000005,60.5552666666667
0.65,4.0,6.4,60.24556666666669
0.65,4.0,6.7,59.93586666666669
0.65,4.0,7.0,59.626166666666684
0.65,4.0,7.300000000000001,59.31646666666668
0.65,4.0,7.6000000000000005,59.00676666666668
0.65,4.0,7.9,58.69706666666668
0.65,4.3,5.800000000000001,59.66446666666669
0.65,4.3,6.1000000000000005,59.37501666666669
0.65,4.3,6.4,59.08556666666669
0.65,4.3,6.7,58.796116666666684
0.65,4.3,7.0,58.50666666666668
0.65,4.3,7.300000000000001,58.21721666666668
0.65,4.3,7.6000000000000005,57.92776666666667
0.65,4.3,7.9,57.638316666666675
0.65,4.3,8.200000000000001,57.34886666666667
0.65,4.6,5.5,58.7331666666667
0.65,4.6,5.800000000000001,58.46396666666669
0.65,4.6,6.1000000000000005,58.194766666666695
0.65,4.6,6.4,57.92556666666669
0.65,4.6,6.7,57.656366666666685
0.65,4.6,7.0,57.38716666666668
0.65,4.6,7.300000000000001,57.11796666666668
0.65,4.6,7.6000000000000005,56.84876666666668
0.65,4.6,7.9,56.57956666666668
0.65,4.6,8.200000000000001,56.310366666666674
0.65,4.6,8.5,56.041166666666676
0.65,4.9,5.2,57.761366666666696
0.65,4.9,5.5,57.512416666666695
0.65,4.9,5.800000000000001,57.263466666666694
0.65,4.9,6.1000000000000005,57.014516666666694
0.65,4.9,6.4,56.765566666666686
0.65,4.9,6.7,56.516616666666685
0.65,4.9,7.0,56.26766666666668
0.65,4.9,7.300000000000001,56.01871666666668
0.65,4.9,7.6000000000000005,55.769766666666676
0.65,4.9,7.9,55.520816666666676
0.65,4.9,8.200000000000001,55.271866666666675
0.65,4.9,8.5,55.022916666666674
0.65,4.9,8.8,54.77396666666667
0.65,5.2,4.9,56.7490666666667
0.65,5.2,5.2,56.520366666666696
0.65,5.2,5.5,56.2916666666667
0.65,5.2,5.800000000000001,56.062966666666696
0.65,5.2,6.1000000000000005,55.83426666666669
0.65,5.2,6.4,55.60556666666669
0.65,5.2,6.7,55.37686666666669
0.65,5.2,7.0,55.14816666666668
0.65,5.2,7.300000000000001,54.91946666666668
0.65,5.2,7.6000000000000005,54.69076666666668
0.65,5.2,7.9,54.46206666666668
0.65,5.2,8.200000000000001,54.233366666666676
0.65,5.2,8.5,54.00466666666668
0.65,5.2,8.8,53.775966666666676
0.65,5.2,9.100000000000001,53.54726666666667
0.65,5.5,4.6,55.696266666666695
0.65,5.5,4.9,55.487816666666696
0.65,5.5,5.2,55.27936666666669
0.65,5.5,5.5,55.07091666666669
0.65,5.5,5.800000000000001,54.86246666666669
0.65,5.5,6.1000000000000005,54.65401666666669
0.65,5.5,6.4,54.445566666666686
0.65,5.5,6.7,54.23711666666668
0.65,5.5,7.0,54.02866666666668
0.65,5.5,7.300000000000001,53.82021666666668
0.65,5.5,7.6000000000000005,53.611766666666675
0.65,5.5,7.9,53.403316666666676
0.65,5.5,8.200000000000001,53.19486666666668
0.65,5.5,8.5,52.98641666666668
0.65,5.5,8.8,52.77796666666667
0.65,5.5,9.100000000000001,52.56951666666667
0.65,5.5,9.4,52.36106666666667
0.65,5.800000000000001,4.3,54.60296666666669
0.65,5.800000000000001,4.6,54.41476666666669
0.65,5.800000000000001,4.9,54.226566666666685
0.65,5.800000000000001,5.2,54.03836666666669
0.65,5.800000000000001,5.5,53.85016666666669
0.65,5.800000000000001,5.800000000000001,53.661966666666686
0.65,5.800000000000001,6.1000000000000005,53.473766666666684
0.65,5.800000000000001,6.4,53.28556666666668
0.65,5.800000000000001,6.7,53.09736666666668
0.65,5.800000000000001,7.0,52.90916666666668
0.65,5.800000000000001,7.300000000000001,52.720966666666676
0.65,5.800000000000001,7.6000000000000005,52.532766666666674
0.65,5.800000000000001,7.9,52.34456666666667
0.65,5.800000000000001,8.200000000000001,52.15636666666667
0.65,5.800000000000001,8.5,51.968166666666676
0.65,5.800000000000001,8.8,51.779966666666674
0.65,5.800000000000001,9.100000000000001,51.59176666666667
0.65,5.800000000000001,9.4,51.40356666666667
0.65,5.800000000000001,9.7,51.21536666666667
0.65,6.1000000000000005,4.0,53.469166666666695
0.65,6.1000000000000005,4.3,53.30121666666669
0.65,6.1000000000000005,4.6,53.13326666666669
0.65,6.1000000000000005,4.9,52.96531666666669
0.65,6.1000000000000005,5.2,52.79736666666669
0.65,6.1000000000000005,5.5,52.629416666666685
0.65,6.1000000000000005,5.800000000000001,52.46146666666669
0.65,6.1000000000000005,6.1000000000000005,52.29351666666669
0.65,6.1000000000000005,6.4,52.125566666666685
0.65,6.1000000000000005,6.7,51.95761666666669
0.65,6.1000000000000005,7.0,51.789666666666676
0.65,6.1000000000000005,7.300000000000001,51.62171666666668
0.65,6.1000000000000005,7.6000000000000005,51.45376666666668
0.65,6.1000000000000005,7.9,51.285816666666676
0.65,6.1000000000000005,8.200000000000001,51.11786666666668
0.65,6.1000000000000005,8.5,50.94991666666668
0.65,6.1000000000000005,8.8,50.781966666666676
0.65,6.1000000000000005,9.100000000000001,50.61401666666668
0.65,6.1000000000000005,9.4,50.446066666666674
0.65,6.1000000000000005,9.7,50.278116666666676
0.65,6.1000000000000005,10.0,50.11016666666667
0.65,6.4,4.0,52.14716666666669
0.65,6.4,4.3,51.999466666666684
0.65,6.4,4.6,51.851766666666684
0.65,6.4,4.9,51.704066666666684
0.65,6.4,5.2,51.55636666666668
0.65,6.4,5.5,51.40866666666668
0.65,6.4,5.800000000000001,51.26096666666668
0.65,6.4,6.1000000000000005,51.11326666666668
0.65,6.4,6.4,50.96556666666668
0.65,6.4,6.7,50.817866666666674
0.65,6.4,7.0,50.670166666666674
0.65,6.4,7.300000000000001,50.52246666666667
0.65,6.4,7.6000000000000005,50.37476666666667
0.65,6.4,7.9,50.22706666666667
0.65,6.4,8.200000000000001,50.07936666666667
0.65,6.4,8.5,49.93166666666667
0.65,6.4,8.8,49.78396666666667
0.65,6.4,9.100000000000001,49.63626666666667
0.65,6.4,9.4,49.48856666666668
0.65,6.4,9.7,49.34086666666667
0.65,6.4,10.0,49.19316666666667
0.65,6.7,4.0,50.82516666666669
0.65,6.7,4.3,50.697716666666686
0.65,6.7,4.6,50.57026666666668
0.65,6.7,4.9,50.44281666666669
0.65,6.7,5.2,50.315366666666684
0.65,6.7,5.5,50.18791666666669
0.65,6.7,5.800000000000001,50.060466666666684
0.65,6.7,6.1000000000000005,49.93301666666669
0.65,6.7,6.4,49.805566666666685
0.65,6.7,6.7,49.67811666666668
0.65,6.7,7.0,49.55066666666668
0.65,6.7,7.300000000000001,49.42321666666668
0.65,6.7,7.6000000000000005,49.29576666666668
0.65,6.7,7.9,49.16831666666668
0.65,6.7,8.200000000000001,49.04086666666668
0.65,6.7,8.5,48.91341666666668
0.65,6.7,8.8,48.78596666666668
0.65,6.7,9.100000000000001,48.65851666666668
0.65,6.7,9.4,48.53106666666668
0.65,6.7,9.7,48.40361666666668
0.65,6.7,10.0,48.276166666666676
0.65,7.0,4.0,49.50316666666668
0.65,7.0,4.3,49.39596666666668
0.65,7.0,4.6,49.28876666666668
0.65,7.0,4.9,49.18156666666668
0.65,7.0,5.2,49.074366666666684
0.65,7.0,5.5,48.967166666666685
0.65,7.0,5.800000000000001,48.85996666666668
0.65,7.0,6.1000000000000005,48.75276666666668
0.65,7.0,6.4,48.64556666666668
0.65,7.0,6.7,48.53836666666668
0.65,7.0,7.0,48.43116666666668
0.65,7.0,7.300000000000001,48.32396666666668
0.65,7.0,7.6000000000000005,48.21676666666668
0.65,7.0,7.9,48.10956666666668
0.65,7.0,8.200000000000001,48.002366666666674
0.65,7.0,8.5,47.895166666666675
0.65,7.0,8.8,47.78796666666668
0.65,7.0,9.100000000000001,47.68076666666668
0.65,7.0,9.4,47.57356666666668
0.65,7.0,9.7,47.46636666666668
0.65,7.0,10.0,47.359166666666674
0.65,7.300000000000001,4.0,48.181166666666684
0.65,7.300000000000001,4.3,48.094216666666675
0.65,7.300000000000001,4.6,48.00726666666667
0.65,7.300000000000001,4.9,47.92031666666668
0.65,7.300000000000001,5.2,47.83336666666668
0.65,7.300000000000001,5.5,47.746416666666676
0.65,7.300000000000001,5.800000000000001,47.659466666666674
0.65,7.300000000000001,6.1000000000000005,47.57251666666668
0.65,7.300000000000001,6.4,47.48556666666668
0.65,7.300000000000001,6.7,47.39861666666667
0.65,7.300000000000001,7.0,47.311666666666675
0.65,7.300000000000001,7.300000000000001,47.22471666666667
0.65,7.300000000000001,7.6000000000000005,47.13776666666667
0.65,7.300000000000001,7.9,47.05081666666668
0.65,7.300000000000001,8.200000000000001,46.963866666666675
0.65,7.300000000000001,8.5,46.87691666666667
0.65,7.300000000000001,8.8,46.78996666666668
0.65,7.300000000000001,9.100000000000001,46.70301666666668
0.65,7.300000000000001,9.4,46.616066666666676
0.65,7.300000000000001,9.7,46.52911666666668
0.65,7.300000000000001,10.0,46.44216666666667
0.65,7.6000000000000005,4.0,46.85916666666668
0.65,7.6000000000000005,4.3,46.79246666666668
0.65,7.6000000000000005,4.6,46.72576666666668
0.65,7.6000000000000005,4.9,46.659066666666675
0.65,7.6000000000000005,5.2,46.59236666666668
0.65,7.6000000000000005,5.5,46.52566666666668
0.65,7.6000000000000005,5.800000000000001,46.45896666666668
0.65,7.6000000000000005,6.1000000000000005,46.39226666666668
0.65,7.6000000000000005,6.4,46.32556666666668
0.65,7.6000000000000005,6.7,46.25886666666668
0.65,7.6000000000000005,7.0,46.19216666666668
0.65,7.6000000000000005,7.300000000000001,46.125466666666675
0.65,7.6000000000000005,7.6000000000000005,46.05876666666668
0.65,7.6000000000000005,7.9,45.99206666666668
0.65,7.6000000000000005,8.200000000000001,45.925366666666676
0.65,7.6000000000000005,8.5,45.85866666666668
0.65,7.6000000000000005,8.8,45.79196666666668
0.65,7.6000000000000005,9.100000000000001,45.725266666666684
0.65,7.6000000000000005,9.4,45.65856666666669
0.65,7.6000000000000005,9.7,45.59186666666668
0.65,7.6000000000000005,10.0,45.52516666666668
0.65,7.9,4.0,45.53716666666667
0.65,7.9,4.3,45.49071666666667
0.65,7.9,4.6,45.44426666666667
0.65,7.9,4.9,45.39781666666667
0.65,7.9,5.2,45.35136666666667
0.65,7.9,5.5,45.30491666666668
0.65,7.9,5.800000000000001,45.25846666666668
0.65,7.9,6.1000000000000005,45.21201666666668
0.65,7.9,6.4,45.16556666666668
0.65,7.9,6.7,45.11911666666668
0.65,7.9,7.0,45.07266666666667
0.65,7.9,7.300000000000001,45.02621666666668
0.65,7.9,7.6000000000000005,44.97976666666668
0.65,7.9,7.9,44.93331666666668
0.65,7.9,8.200000000000001,44.88686666666668
0.65,7.9,8.5,44.84041666666668
0.65,7.9,8.8,44.79396666666668
0.65,7.9,9.100000000000001,44.747516666666684
0.65,7.9,9.4,44.701066666666684
0.65,7.9,9.7,44.65461666666668
0.65,7.9,10.0,44.608166666666676
0.65,8.200000000000001,4.3,44.188966666666666
0.65,8.200000000000001,4.6,44.16276666666666
0.65,8.200000000000001,4.9,44.13656666666667
0.65,8.200000000000001,5.2,44.11036666666667
0.65,8.200000000000001,5.5,44.08416666666667
0.65,8.200000000000001,5.800000000000001,44.05796666666667
0.65,8.200000000000001,6.1000000000000005,44.03176666666667
0.65,8.200000000000001,6.4,44.005566666666674
0.65,8.200000000000001,6.7,43.97936666666667
0.65,8.200000000000001,7.0,43.95316666666667
0.65,8.200000000000001,7.300000000000001,43.92696666666667
0.65,8.200000000000001,7.6000000000000005,43.90076666666667
0.65,8.200000000000001,7.9,43.874566666666674
0.65,8.200000000000001,8.200000000000001,43.84836666666668
0.65,8.200000000000001,8.5,43.822166666666675
0.65,8.200000000000001,8.8,43.79596666666668
0.65,8.200000000000001,9.100000000000001,43.769766666666676
0.65,8.200000000000001,9.4,43.74356666666668
0.65,8.200000000000001,9.7,43.717366666666685
0.65,8.5,4.6,42.88126666666667
0.65,8.5,4.9,42.87531666666667
0.65,8.5,5.2,42.86936666666667
0.65,8.5,5.5,42.86341666666667
0.65,8.5,5.800000000000001,42.857466666666674
0.65,8.5,6.1000000000000005,42.851516666666676
0.65,8.5,6.4,42.84556666666668
0.65,8.5,6.7,42.83961666666667
0.65,8.5,7.0,42.83366666666667
0.65,8.5,7.300000000000001,42.827716666666674
0.65,8.5,7.6000000000000005,42.821766666666676
0.65,8.5,7.9,42.81581666666668
0.65,8.5,8.200000000000001,42.80986666666668
0.65,8.5,8.5,42.80391666666668
0.65,8.5,8.8,42.79796666666668
0.65,8.5,9.100000000000001,42.79201666666668
0.65,8.5,9.4,42.786066666666684
0.65,8.8,4.9,41.614066666666666
0.65,8.8,5.2,41.628366666666665
0.65,8.8,5.5,41.64266666666667
0.65,8.8,5.800000000000001,41.65696666666667
0.65,8.8,6.1000000000000005,41.67126666666667
0.65,8.8,6.4,41.68556666666667
0.65,8.8,6.7,41.69986666666667
0.65,8.8,7.0,41.71416666666667
0.65,8.8,7.300000000000001,41.72846666666667
0.65,8.8,7.6000000000000005,41.742766666666675
0.65,8.8,7.9,41.757066666666674
0.65,8.8,8.200000000000001,41.77136666666668
0.65,8.8,8.5,41.78566666666668
0.65,8.8,8.8,41.799966666666684
0.65,8.8,9.100000000000001,41.81426666666668
0.65,9.100000000000001,5.2,40.387366666666665
0.65,9.100000000000001,5.5,40.42191666666667
0.65,9.100000000000001,5.800000000000001,40.45646666666667
0.65,9.100000000000001,6.1000000000000005,40.491016666666674
0.65,9.100000000000001,6.4,40.52556666666668
0.65,9.100000000000001,6.7,40.56011666666668
0.65,9.100000000000001,7.0,40.594666666666676
0.65,9.100000000000001,7.300000000000001,40.62921666666668
0.65,9.100000000000001,7.6000000000000005,40.663766666666675
0.65,9.100000000000001,7.9,40.69831666666668
0.65,9.100000000000001,8.200000000000001,40.73286666666668
0.65,9.100000000000001,8.5,40.76741666666668
0.65,9.100000000000001,8.8,40.80196666666669
0.65,9.4,5.5,39.201166666666666
0.65,9.4,5.800000000000001,39.255966666666666
0.65,9.4,6.1000000000000005,39.31076666666667
0.65,9.4,6.4,39.36556666666667
0.65,9.4,6.7,39.420366666666666
0.65,9.4,7.0,39.475166666666674
0.65,9.4,7.300000000000001,39.529966666666674
0.65,9.4,7.6000000000000005,39.584766666666674
0.65,9.4,7.9,39.63956666666668
0.65,9.4,8.200000000000001,39.69436666666668
0.65,9.4,8.5,39.74916666666668
0.65,9.7,5.800000000000001,38.05546666666667
0.65,9.7,6.1000000000000005,38.13051666666667
0.65,9.7,6.4,38.20556666666668
0.65,9.7,6.7,38.280616666666674
0.65,9.7,7.0,38.35566666666667
0.65,9.7,7.300000000000001,38.430716666666676
0.65,9.7,7.6000000000000005,38.50576666666668
0.65,9.7,7.9,38.580816666666685
0.65,9.7,8.200000000000001,38.65586666666668
0.65,10.0,6.1000000000000005,36.95026666666667
0.65,10.0,6.4,37.04556666666667
0.65,10.0,6.7,37.140866666666675
0.65,10.0,7.0,37.23616666666667
0.65,10.0,7.300000000000001,37.33146666666667
0.65,10.0,7.6000000000000005,37.42676666666668
0.65,10.0,7.9,37.52206666666668
0.7,4.0,5.800000000000001,60.7625666666667
0.7,4.0,6.1000000000000005,60.5234666666667
0.7,4.0,6.4,60.28436666666669
0.7,4.0,6.7,60.04526666666669
0.7,4.0,7.0,59.806166666666684
0.7,4.0,7.300000000000001,59.56706666666668
0.7,4.0,7.6000000000000005,59.327966666666676
0.7,4.0,7.9,59.088866666666675
0.7,4.0,8.200000000000001,58.849766666666675
0.7,4.3,5.5,59.8331666666667
0.7,4.3,5.800000000000001,59.614316666666696
0.7,4.3,6.1000000000000005,59.39546666666669
0.7,4.3,6.4,59.17661666666669
0.7,4.3,6.7,58.957766666666686
0.7,4.3,7.0,58.73891666666668
0.7,4.3,7.300000000000001,58.52006666666668
0.7,4.3,7.6000000000000005,58.301216666666676
0.7,4.3,7.9,58.08236666666667
0.7,4.3,8.200000000000001,57.86351666666667
0.7,4.3,8.5,57.64466666666667
0.7,4.6,5.2,58.8632666666667
0.7,4.6,5.5,58.6646666666667
0.7,4.6,5.800000000000001,58.4660666666667
0.7,4.6,6.1000000000000005,58.26746666666669
0.7,4.6,6.4,58.06886666666669
0.7,4.6,6.7,57.87026666666669
0.7,4.6,7.0,57.67166666666668
0.7,4.6,7.300000000000001,57.47306666666668
0.7,4.6,7.6000000000000005,57.274466666666676
0.7,4.6,7.9,57.07586666666668
0.7,4.6,8.200000000000001,56.87726666666668
0.7,4.6,8.5,56.67866666666667
0.7,4.6,8.8,56.48006666666667
0.7,4.9,4.9,57.8528666666667
0.7,4.9,5.2,57.6745166666667
0.7,4.9,5.5,57.496166666666696
0.7,4.9,5.800000000000001,57.317816666666694
0.7,4.9,6.1000000000000005,57.13946666666669
0.7,4.9,6.4,56.96111666666669
0.7,4.9,6.7,56.78276666666669
0.7,4.9,7.0,56.60441666666668
0.7,4.9,7.300000000000001,56.42606666666668
0.7,4.9,7.6000000000000005,56.247716666666676
0.7,4.9,7.9,56.069366666666674
0.7,4.9,8.200000000000001,55.89101666666667
0.7,4.9,8.5,55.71266666666667
0.7,4.9,8.8,55.53431666666667
0.7,4.9,9.100000000000001,55.35596666666667
0.7,5.2,4.6,56.8019666666667
0.7,5.2,4.9,56.643866666666696
0.7,5.2,5.2,56.4857666666667
0.7,5.2,5.5,56.327666666666694
0.7,5.2,5.800000000000001,56.1695666666667
0.7,5.2,6.1000000000000005,56.01146666666669
0.7,5.2,6.4,55.853366666666695
0.7,5.2,6.7,55.69526666666669
0.7,5.2,7.0,55.537166666666685
0.7,5.2,7.300000000000001,55.37906666666668
0.7,5.2,7.6000000000000005,55.22096666666668
0.7,5.2,7.9,55.06286666666668
0.7,5.2,8.200000000000001,54.90476666666668
0.7,5.2,8.5,54.74666666666668
0.7,5.2,8.8,54.58856666666668
0.7,5.2,9.100000000000001,54.430466666666675
0.7,5.2,9.4,54.27236666666667
0.7,5.5,4.3,55.71056666666669
0.7,5.5,4.6,55.57271666666669
0.7,5.5,4.9,55.43486666666669
0.7,5.5,5.2,55.29701666666669
0.7,5.5,5.5,55.15916666666669
0.7,5.5,5.800000000000001,55.02131666666669
0.7,5.5,6.1000000000000005,54.88346666666669
0.7,5.5,6.4,54.74561666666669
0.7,5.5,6.7,54.607766666666684
0.7,5.5,7.0,54.46991666666668
0.7,5.5,7.300000000000001,54.33206666666668
0.7,5.5,7.6000000000000005,54.19421666666668
0.7,5.5,7.9,54.056366666666676
0.7,5.5,8.200000000000001,53.918516666666676
0.7,5.5,8.5,53.780666666666676
0.7,5.5,8.8,53.642816666666675
0.7,5.5,9.100000000000001,53.504966666666675
0.7,5.5,9.4,53.367116666666675
0.7,5.5,9.7,53.22926666666667
0.7,5.800000000000001,4.0,54.57866666666669
0.7,5.800000000000001,4.3,54.46106666666669
0.7,5.800000000000001,4.6,54.343466666666686
0.7,5.800000000000001,4.9,54.22586666666669
0.7,5.800000000000001,5.2,54.10826666666669
0.7,5.800000000000001,5.5,53.990666666666684
0.7,5.800000000000001,5.800000000000001,53.87306666666669
0.7,5.800000000000001,6.1000000000000005,53.755466666666685
0.7,5.800000000000001,6.4,53.63786666666668
0.7,5.800000000000001,6.7,53.520266666666686
0.7,5.800000000000001,7.0,53.402666666666676
0.7,5.800000000000001,7.300000000000001,53.28506666666667
0.7,5.800000000000001,7.6000000000000005,53.16746666666668
0.7,5.800000000000001,7.9,53.049866666666674
0.7,5.800000000000001,8.200000000000001,52.93226666666667
0.7,5.800000000000001,8.5,52.814666666666675
0.7,5.800000000000001,8.8,52.69706666666667
0.7,5.800000000000001,9.100000000000001,52.57946666666667
0.7,5.800000000000001,9.4,52.46186666666667
0.7,5.800000000000001,9.7,52.34426666666667
0.7,5.800000000000001,10.0,52.22666666666666
0.7,6.1000000000000005,4.0,53.30891666666669
0.7,6.1000000000000005,4.3,53.21156666666669
0.7,6.1000000000000005,4.6,53.11421666666669
0.7,6.1000000000000005,4.9,53.01686666666669
0.7,6.1000000000000005,5.2,52.91951666666669
0.7,6.1000000000000005,5.5,52.82216666666669
0.7,6.1000000000000005,5.800000000000001,52.72481666666669
0.7,6.1000000000000005,6.1000000000000005,52.62746666666669
0.7,6.1000000000000005,6.4,52.530116666666686
0.7,6.1000000000000005,6.7,52.43276666666669
0.7,6.1000000000000005,7.0,52.33541666666668
0.7,6.1000000000000005,7.300000000000001,52.23806666666668
0.7,6.1000000000000005,7.6000000000000005,52.14071666666668
0.7,6.1000000000000005,7.9,52.04336666666668
0.7,6.1000000000000005,8.200000000000001,51.94601666666668
0.7,6.1000000000000005,8.5,51.84866666666668
0.7,6.1000000000000005,8.8,51.751316666666675
0.7,6.1000000000000005,9.100000000000001,51.653966666666676
0.7,6.1000000000000005,9.4,51.55661666666668
0.7,6.1000000000000005,9.7,51.45926666666668
0.7,6.1000000000000005,10.0,51.361916666666666
0.7,6.4,4.0,52.039166666666695
0.7,6.4,4.3,51.962066666666686
0.7,6.4,4.6,51.884966666666685
0.7,6.4,4.9,51.80786666666668
0.7,6.4,5.2,51.73076666666668
0.7,6.4,5.5,51.65366666666669
0.7,6.4,5.800000000000001,51.576566666666686
0.7,6.4,6.1000000000000005,51.499466666666684
0.7,6.4,6.4,51.42236666666668
0.7,6.4,6.7,51.345266666666674
0.7,6.4,7.0,51.26816666666668
0.7,6.4,7.300000000000001,51.19106666666668
0.7,6.4,7.6000000000000005,51.11396666666668
0.7,6.4,7.9,51.036866666666675
0.7,6.4,8.200000000000001,50.959766666666674
0.7,6.4,8.5,50.88266666666667
0.7,6.4,8.8,50.80556666666668
0.7,6.4,9.100000000000001,50.72846666666668
0.7,6.4,9.4,50.651366666666675
0.7,6.4,9.7,50.574266666666674
0.7,6.4,10.0,50.497166666666665
0.7,6.7,4.0,50.76941666666669
0.7,6.7,4.3,50.71256666666669
0.7,6.7,4.6,50.655716666666684
0.7,6.7,4.9,50.59886666666669
0.7,6.7,5.2,50.54201666666669
0.7,6.7,5.5,50.485166666666686
0.7,6.7,5.800000000000001,50.42831666666669
0.7,6.7,6.1000000000000005,50.371466666666684
0.7,6.7,6.4,50.31461666666669
0.7,6.7,6.7,50.25776666666668
0.7,6.7,7.0,50.20091666666668
0.7,6.7,7.300000000000001,50.14406666666668
0.7,6.7,7.6000000000000005,50.08721666666668
0.7,6.7,7.9,50.03036666666668
0.7,6.7,8.200000000000001,49.97351666666668
0.7,6.7,8.5,49.91666666666668
0.7,6.7,8.8,49.85981666666668
0.7,6.7,9.100000000000001,49.80296666666668
0.7,6.7,9.4,49.74611666666668
0.7,6.7,9.7,49.68926666666668
0.7,6.7,10.0,49.63241666666667
0.7,7.0,4.0,49.499666666666684
0.7,7.0,4.3,49.463066666666684
0.7,7.0,4.6,49.426466666666684
0.7,7.0,4.9,49.389866666666684
0.7,7.0,5.2,49.353266666666684
0.7,7.0,5.5,49.316666666666684
0.7,7.0,5.800000000000001,49.280066666666684
0.7,7.0,6.1000000000000005,49.243466666666684
0.7,7.0,6.4,49.206866666666684
0.7,7.0,6.7,49.170266666666684
0.7,7.0,7.0,49.13366666666668
0.7,7.0,7.300000000000001,49.09706666666668
0.7,7.0,7.6000000000000005,49.06046666666668
0.7,7.0,7.9,49.02386666666668
0.7,7.0,8.200000000000001,48.98726666666668
0.7,7.0,8.5,48.95066666666668
0.7,7.0,8.8,48.91406666666668
0.7,7.0,9.100000000000001,48.87746666666668
0.7,7.0,9.4,48.84086666666668
0.7,7.0,9.7,48.80426666666668
0.7,7.0,10.0,48.76766666666667
0.7,7.300000000000001,4.0,48.22991666666668
0.7,7.300000000000001,4.3,48.21356666666668
0.7,7.300000000000001,4.6,48.19721666666668
0.7,7.300000000000001,4.9,48.180866666666674
0.7,7.300000000000001,5.2,48.16451666666668
0.7,7.300000000000001,5.5,48.148166666666675
0.7,7.300000000000001,5.800000000000001,48.13181666666668
0.7,7.300000000000001,6.1000000000000005,48.11546666666668
0.7,7.300000000000001,6.4,48.09911666666668
0.7,7.300000000000001,6.7,48.08276666666667
0.7,7.300000000000001,7.0,48.066416666666676
0.7,7.300000000000001,7.300000000000001,48.05006666666667
0.7,7.300000000000001,7.6000000000000005,48.03371666666668
0.7,7.300000000000001,7.9,48.017366666666675
0.7,7.300000000000001,8.200000000000001,48.00101666666667
0.7,7.300000000000001,8.5,47.984666666666676
0.7,7.300000000000001,8.8,47.968316666666674
0.7,7.300000000000001,9.100000000000001,47.95196666666668
0.7,7.300000000000001,9.4,47.935616666666675
0.7,7.300000000000001,9.7,47.91926666666668
0.7,7.300000000000001,10.0,47.90291666666667
0.7,7.6000000000000005,4.0,46.96016666666668
0.7,7.6000000000000005,4.3,46.964066666666675
0.7,7.6000000000000005,4.6,46.967966666666676
0.7,7.6000000000000005,4.9,46.97186666666668
0.7,7.6000000000000005,5.2,46.97576666666668
0.7,7.6000000000000005,5.5,46.97966666666668
0.7,7.6000000000000005,5.800000000000001,46.98356666666668
0.7,7.6000000000000005,6.1000000000000005,46.987466666666684
0.7,7.6000000000000005,6.4,46.991366666666686
0.7,7.6000000000000005,6.7,46.99526666666667
0.7,7.6000000000000005,7.0,46.999166666666675
0.7,7.6000000000000005,7.300000000000001,47.003066666666676
0.7,7.6000000000000005,7.6000000000000005,47.00696666666668
0.7,7.6000000000000005,7.9,47.01086666666668
0.7,7.6000000000000005,8.200000000000001,47.01476666666668
0.7,7.6000000000000005,8.5,47.01866666666668
0.7,7.6000000000000005,8.8,47.022566666666684
0.7,7.6000000000000005,9.100000000000001,47.026466666666686
0.7,7.6000000000000005,9.4,47.03036666666668
0.7,7.6000000000000005,9.7,47.03426666666668
0.7,7.6000000000000005,10.0,47.038166666666676
0.7,7.9,4.0,45.69041666666667
0.7,7.9,4.3,45.71456666666667
0.7,7.9,4.6,45.738716666666676
0.7,7.9,4.9,45.762866666666675
0.7,7.9,5.2,45.78701666666667
0.7,7.9,5.5,45.81116666666667
0.7,7.9,5.800000000000001,45.83531666666668
0.7,7.9,6.1000000000000005,45.85946666666668
0.7,7.9,6.4,45.883616666666676
0.7,7.9,6.7,45.90776666666668
0.7,7.9,7.0,45.93191666666667
0.7,7.9,7.300000000000001,45.95606666666667
0.7,7.9,7.6000000000000005,45.98021666666668
0.7,7.9,7.9,46.00436666666668
0.7,7.9,8.200000000000001,46.028516666666675
0.7,7.9,8.5,46.05266666666668
0.7,7.9,8.8,46.07681666666668
0.7,7.9,9.100000000000001,46.10096666666668
0.7,7.9,9.4,46.125116666666685
0.7,7.9,9.7,46.14926666666668
0.7,7.9,10.0,46.173416666666675
0.7,8.200000000000001,4.0,44.42066666666667
0.7,8.200000000000001,4.3,44.465066666666665
0.7,8.200000000000001,4.6,44.50946666666667
0.7,8.200000000000001,4.9,44.553866666666664
0.7,8.200000000000001,5.2,44.59826666666667
0.7,8.200000000000001,5.5,44.64266666666667
0.7,8.200000000000001,5.800000000000001,44.687066666666674
0.7,8.200000000000001,6.1000000000000005,44.73146666666667
0.7,8.200000000000001,6.4,44.77586666666667
0.7,8.200000000000001,6.7,44.82026666666667
0.7,8.200000000000001,7.0,44.86466666666667
0.7,8.200000000000001,7.300000000000001,44.90906666666667
0.7,8.200000000000001,7.6000000000000005,44.95346666666667
0.7,8.200000000000001,7.9,44.997866666666674
0.7,8.200000000000001,8.200000000000001,45.04226666666668
0.7,8.200000000000001,8.5,45.08666666666667
0.7,8.200000000000001,8.8,45.131066666666676
0.7,8.200000000000001,9.100000000000001,45.17546666666668
0.7,8.200000000000001,9.4,45.21986666666668
0.7,8.200000000000001,9.7,45.264266666666686
0.7,8.200000000000001,10.0,45.308666666666674
0.7,8.5,4.3,43.21556666666667
0.7,8.5,4.6,43.28021666666667
0.7,8.5,4.9,43.34486666666667
0.7,8.5,5.2,43.40951666666667
0.7,8.5,5.5,43.474166666666676
0.7,8.5,5.800000000000001,43.538816666666676
0.7,8.5,6.1000000000000005,43.60346666666668
0.7,8.5,6.4,43.66811666666668
0.7,8.5,6.7,43.73276666666667
0.7,8.5,7.0,43.79741666666668
0.7,8.5,7.300000000000001,43.86206666666668
0.7,8.5,7.6000000000000005,43.92671666666668
0.7,8.5,7.9,43.99136666666668
0.7,8.5,8.200000000000001,44.05601666666668
0.7,8.5,8.5,44.12066666666668
0.7,8.5,8.8,44.18531666666669
0.7,8.5,9.100000000000001,44.24996666666669
0.7,8.5,9.4,44.31461666666669
0.7,8.5,9.7,44.37926666666669
0.7,8.8,4.6,42.05096666666666
0.7,8.8,4.9,42.135866666666665
0.7,8.8,5.2,42.22076666666667
0.7,8.8,5.5,42.30566666666667
0.7,8.8,5.800000000000001,42.39056666666667
0.7,8.8,6.1000000000000005,42.47546666666667
0.7,8.8,6.4,42.560366666666674
0.7,8.8,6.7,42.64526666666668
0.7,8.8,7.0,42.73016666666667
0.7,8.8,7.300000000000001,42.815066666666674
0.7,8.8,7.6000000000000005,42.89996666666667
0.7,8.8,7.9,42.984866666666676
0.7,8.8,8.200000000000001,43.06976666666668
0.7,8.8,8.5,43.15466666666668
0.7,8.8,8.8,43.23956666666668
0.7,8.8,9.100000000000001,43.32446666666668
0.7,8.8,9.4,43.409366666666685
0.7,9.100000000000001,4.9,40.92686666666667
0.7,9.100000000000001,5.2,41.03201666666667
0.7,9.100000000000001,5.5,41.13716666666667
0.7,9.100000000000001,5.800000000000001,41.242316666666675
0.7,9.100000000000001,6.1000000000000005,41.347466666666676
0.7,9.100000000000001,6.4,41.45261666666668
0.7,9.100000000000001,6.7,41.55776666666668
0.7,9.100000000000001,7.0,41.662916666666675
0.7,9.100000000000001,7.300000000000001,41.76806666666668
0.7,9.100000000000001,7.6000000000000005,41.87321666666668
0.7,9.100000000000001,7.9,41.97836666666668
0.7,9.100000000000001,8.200000000000001,42.08351666666668
0.7,9.100000000000001,8.5,42.188666666666684
0.7,9.100000000000001,8.8,42.293816666666686
0.7,9.100000000000001,9.100000000000001,42.39896666666669
0.7,9.4,5.2,39.843266666666665
0.7,9.4,5.5,39.968666666666664
0.7,9.4,5.800000000000001,40.09406666666667
0.7,9.4,6.1000000000000005,40.21946666666667
0.7,9.4,6.4,40.344866666666675
0.7,9.4,6.7,40.47026666666667
0.7,9.4,7.0,40.59566666666667
0.7,9.4,7.300000000000001,40.72106666666667
0.7,9.4,7.6000000000000005,40.84646666666667
0.7,9.4,7.9,40.97186666666668
0.7,9.4,8.200000000000001,41.097266666666684
0.7,9.4,8.5,41.22266666666668
0.7,9.4,8.8,41.34806666666668
0.7,9.7,5.5,38.80016666666667
0.7,9.7,5.800000000000001,38.94581666666667
0.7,9.7,6.1000000000000005,39.091466666666676
0.7,9.7,6.4,39.23711666666668
0.7,9.7,6.7,39.38276666666667
0.7,9.7,7.0,39.52841666666667
0.7,9.7,7.300000000000001,39.674066666666675
0.7,9.7,7.6000000000000005,39.81971666666668
0.7,9.7,7.9,39.96536666666668
0.7,9.7,8.200000000000001,40.111016666666686
0.7,9.7,8.5,40.25666666666669
0.7,10.0,5.800000000000001,37.79756666666667
0.7,10.0,6.1000000000000005,37.96346666666667
0.7,10.0,6.4,38.12936666666667
0.7,10.0,6.7,38.29526666666668
0.7,10.0,7.0,38.46116666666667
0.7,10.0,7.300000000000001,38.62706666666667
0.7,10.0,7.6000000000000005,38.79296666666668
0.7,10.0,7.9,38.95886666666668
0.7,10.0,8.200000000000001,39.12476666666668
0.75,4.0,5.5,60.828666666666706
0.75,4.0,5.800000000000001,60.6601666666667
0.75,4.0,6.1000000000000005,60.491666666666696
0.75,4.0,6.4,60.323166666666694
0.75,4.0,6.7,60.154666666666685
0.75,4.0,7.0,59.98616666666668
0.75,4.0,7.300000000000001,59.81766666666668
0.75,4.0,7.6000000000000005,59.64916666666668
0.75,4.0,7.9,59.48066666666668
0.75,4.0,8.200000000000001,59.31216666666668
0.75,4.0,8.5,59.143666666666675
0.75,4.3,5.2,59.8606666666667
0.75,4.3,5.5,59.7124166666667
0.75,4.3,5.800000000000001,59.564166666666694
0.75,4.3,6.1000000000000005,59.415916666666696
0.75,4.3,6.4,59.267666666666685
0.75,4.3,6.7,59.11941666666668
0.75,4.3,7.0,58.97116666666668
0.75,4.3,7.300000000000001,58.82291666666668
0.75,4.3,7.6000000000000005,58.674666666666674
0.75,4.3,7.9,58.52641666666668
0.75,4.3,8.200000000000001,58.37816666666667
0.75,4.3,8.5,58.22991666666667
0.75,4.3,8.8,58.08166666666667
0.75,4.6,4.9,58.852166666666704
0.75,4.6,5.2,58.724166666666704
0.75,4.6,5.5,58.596166666666704
0.75,4.6,5.800000000000001,58.4681666666667
0.75,4.6,6.1000000000000005,58.3401666666667
0.75,4.6,6.4,58.21216666666669
0.75,4.6,6.7,58.08416666666669
0.75,4.6,7.0,57.95616666666668
0.75,4.6,7.300000000000001,57.82816666666668
0.75,4.6,7.6000000000000005,57.70016666666668
0.75,4.6,7.9,57.57216666666668
0.75,4.6,8.200000000000001,57.444166666666675
0.75,4.6,8.5,57.316166666666675
0.75,4.6,8.8,57.188166666666675
0.75,4.6,9.100000000000001,57.060166666666674
0.75,4.9,4.6,57.8031666666667
0.75,4.9,4.9,57.695416666666695
0.75,4.9,5.2,57.5876666666667
0.75,4.9,5.5,57.479916666666696
0.75,4.9,5.800000000000001,57.37216666666669
0.75,4.9,6.1000000000000005,57.26441666666669
0.75,4.9,6.4,57.15666666666669
0.75,4.9,6.7,57.048916666666685
0.75,4.9,7.0,56.94116666666668
0.75,4.9,7.300000000000001,56.83341666666668
0.75,4.9,7.6000000000000005,56.725666666666676
0.75,4.9,7.9,56.61791666666667
0.75,4.9,8.200000000000001,56.51016666666668
0.75,4.9,8.5,56.402416666666674
0.75,4.9,8.8,56.29466666666667
0.75,4.9,9.100000000000001,56.18691666666667
0.75,4.9,9.4,56.079166666666666
0.75,5.2,4.3,56.713666666666704
0.75,5.2,4.6,56.6261666666667
0.75,5.2,4.9,56.5386666666667
0.75,5.2,5.2,56.4511666666667
0.75,5.2,5.5,56.363666666666695
0.75,5.2,5.800000000000001,56.2761666666667
0.75,5.2,6.1000000000000005,56.18866666666669
0.75,5.2,6.4,56.10116666666669
0.75,5.2,6.7,56.01366666666669
0.75,5.2,7.0,55.92616666666668
0.75,5.2,7.300000000000001,55.83866666666668
0.75,5.2,7.6000000000000005,55.751166666666684
0.75,5.2,7.9,55.66366666666668
0.75,5.2,8.200000000000001,55.57616666666668
0.75,5.2,8.5,55.48866666666668
0.75,5.2,8.8,55.401166666666676
0.75,5.2,9.100000000000001,55.31366666666668
0.75,5.2,9.4,55.22616666666667
0.75,5.2,9.7,55.138666666666666
0.75,5.5,4.0,55.583666666666694
0.75,5.5,4.3,55.5164166666667
0.75,5.5,4.6,55.4491666666667
0.75,5.5,4.9,55.3819166666667
0.75,5.5,5.2,55.314666666666696
0.75,5.5,5.5,55.247416666666695
0.75,5.5,5.800000000000001,55.18016666666669
0.75,5.5,6.1000000000000005,55.11291666666669
0.75,5.5,6.4,55.04566666666668
0.75,5.5,6.7,54.97841666666668
0.75,5.5,7.0,54.91116666666668
0.75,5.5,7.300000000000001,54.84391666666668
0.75,5.5,7.6000000000000005,54.77666666666668
0.75,5.5,7.9,54.70941666666668
0.75,5.5,8.200000000000001,54.642166666666675
0.75,5.5,8.5,54.574916666666674
0.75,5.5,8.8,54.50766666666667
0.75,5.5,9.100000000000001,54.44041666666667
0.75,5.5,9.4,54.37316666666668
0.75,5.5,9.7,54.30591666666666
0.75,5.5,10.0,54.23866666666667
0.75,5.800000000000001,4.0,54.36616666666669
0.75,5.800000000000001,4.3,54.31916666666669
0.75,5.800000000000001,4.6,54.27216666666669
0.75,5.800000000000001,4.9,54.22516666666669
0.75,5.800000000000001,5.2,54.17816666666669
0.75,5.800000000000001,5.5,54.13116666666669
0.75,5.800000000000001,5.800000000000001,54.08416666666669
0.75,5.800000000000001,6.1000000000000005,54.037166666666685
0.75,5.800000000000001,6.4,53.99016666666669
0.75,5.800000000000001,6.7,53.94316666666668
0.75,5.800000000000001,7.0,53.89616666666668
0.75,5.800000000000001,7.300000000000001,53.849166666666676
0.75,5.800000000000001,7.6000000000000005,53.80216666666667
0.75,5.800000000000001,7.9,53.755166666666675
0.75,5.800000000000001,8.200000000000001,53.70816666666667
0.75,5.800000000000001,8.5,53.661166666666674
0.75,5.800000000000001,8.8,53.61416666666667
0.75,5.800000000000001,9.100000000000001,53.56716666666667
0.75,5.800000000000001,9.4,53.52016666666667
0.75,5.800000000000001,9.7,53.473166666666664
0.75,5.800000000000001,10.0,53.42616666666666
0.75,6.1000000000000005,4.0,53.14866666666669
0.75,6.1000000000000005,4.3,53.12191666666669
0.75,6.1000000000000005,4.6,53.09516666666669
0.75,6.1000000000000005,4.9,53.06841666666669
0.75,6.1000000000000005,5.2,53.04166666666669
0.75,6.1000000000000005,5.5,53.01491666666669
0.75,6.1000000000000005,5.800000000000001,52.988166666666686
0.75,6.1000000000000005,6.1000000000000005,52.961416666666686
0.75,6.1000000000000005,6.4,52.934666666666686
0.75,6.1000000000000005,6.7,52.90791666666668
0.75,6.1000000000000005,7.0,52.88116666666668
0.75,6.1000000000000005,7.300000000000001,52.85441666666668
0.75,6.1000000000000005,7.6000000000000005,52.82766666666668
0.75,6.1000000000000005,7.9,52.80091666666668
0.75,6.1000000000000005,8.200000000000001,52.77416666666668
0.75,6.1000000000000005,8.5,52.74741666666668
0.75,6.1000000000000005,8.8,52.72066666666668
0.75,6.1000000000000005,9.100000000000001,52.69391666666668
0.75,6.1000000000000005,9.4,52.667166666666674
0.75,6.1000000000000005,9.7,52.64041666666667
0.75,6.1000000000000005,10.0,52.61366666666667
0.75,6.4,4.0,51.931166666666684
0.75,6.4,4.3,51.92466666666669
0.75,6.4,4.6,51.918166666666686
0.75,6.4,4.9,51.91166666666668
0.75,6.4,5.2,51.90516666666669
0.75,6.4,5.5,51.898666666666685
0.75,6.4,5.800000000000001,51.89216666666668
0.75,6.4,6.1000000000000005,51.88566666666669
0.75,6.4,6.4,51.87916666666668
0.75,6.4,6.7,51.872666666666674
0.75,6.4,7.0,51.86616666666668
0.75,6.4,7.300000000000001,51.859666666666676
0.75,6.4,7.6000000000000005,51.853166666666674
0.75,6.4,7.9,51.84666666666668
0.75,6.4,8.200000000000001,51.840166666666676
0.75,6.4,8.5,51.83366666666668
0.75,6.4,8.8,51.82716666666668
0.75,6.4,9.100000000000001,51.820666666666675
0.75,6.4,9.4,51.81416666666668
0.75,6.4,9.7,51.80766666666667
0.75,6.4,10.0,51.80116666666667
0.75,6.7,4.0,50.71366666666669
0.75,6.7,4.3,50.727416666666684
0.75,6.7,4.6,50.741166666666686
0.75,6.7,4.9,50.75491666666669
0.75,6.7,5.2,50.76866666666669
0.75,6.7,5.5,50.78241666666669
0.75,6.7,5.800000000000001,50.796166666666686
0.75,6.7,6.1000000000000005,50.80991666666669
0.75,6.7,6.4,50.82366666666668
0.75,6.7,6.7,50.837416666666684
0.75,6.7,7.0,50.85116666666668
0.75,6.7,7.300000000000001,50.86491666666668
0.75,6.7,7.6000000000000005,50.87866666666668
0.75,6.7,7.9,50.89241666666668
0.75,6.7,8.200000000000001,50.90616666666668
0.75,6.7,8.5,50.91991666666668
0.75,6.7,8.8,50.93366666666668
0.75,6.7,9.100000000000001,50.94741666666668
0.75,6.7,9.4,50.961166666666685
0.75,6.7,9.7,50.97491666666667
0.75,6.7,10.0,50.988666666666674
0.75,7.0,4.0,49.49616666666668
0.75,7.0,4.3,49.53016666666668
0.75,7.0,4.6,49.56416666666668
0.75,7.0,4.9,49.598166666666685
0.75,7.0,5.2,49.632166666666684
0.75,7.0,5.5,49.66616666666668
0.75,7.0,5.800000000000001,49.70016666666668
0.75,7.0,6.1000000000000005,49.73416666666668
0.75,7.0,6.4,49.76816666666669
0.75,7.0,6.7,49.80216666666668
0.75,7.0,7.0,49.83616666666668
0.75,7.0,7.300000000000001,49.87016666666668
0.75,7.0,7.6000000000000005,49.904166666666676
0.75,7.0,7.9,49.93816666666668
0.75,7.0,8.200000000000001,49.97216666666668
0.75,7.0,8.5,50.00616666666668
0.75,7.0,8.8,50.04016666666668
0.75,7.0,9.100000000000001,50.07416666666668
0.75,7.0,9.4,50.108166666666676
0.75,7.0,9.7,50.142166666666675
0.75,7.0,10.0,50.176166666666674
0.75,7.300000000000001,4.0,48.27866666666667
0.75,7.300000000000001,4.3,48.33291666666668
0.75,7.300000000000001,4.6,48.38716666666668
0.75,7.300000000000001,4.9,48.441416666666676
0.75,7.300000000000001,5.2,48.49566666666668
0.75,7.300000000000001,5.5,48.549916666666675
0.75,7.300000000000001,5.800000000000001,48.60416666666668
0.75,7.300000000000001,6.1000000000000005,48.65841666666668
0.75,7.300000000000001,6.4,48.71266666666667
0.75,7.300000000000001,6.7,48.766916666666674
0.75,7.300000000000001,7.0,48.82116666666668
0.75,7.300000000000001,7.300000000000001,48.87541666666667
0.75,7.300000000000001,7.6000000000000005,48.92966666666668
0.75,7.300000000000001,7.9,48.98391666666667
0.75,7.300000000000001,8.200000000000001,49.038166666666676
0.75,7.300000000000001,8.5,49.09241666666668
0.75,7.300000000000001,8.8,49.146666666666675
0.75,7.300000000000001,9.100000000000001,49.20091666666668
0.75,7.300000000000001,9.4,49.25516666666668
0.75,7.300000000000001,9.7,49.30941666666667
0.75,7.300000000000001,10.0,49.363666666666674
0.75,7.6000000000000005,4.0,47.06116666666668
0.75,7.6000000000000005,4.3,47.13566666666668
0.75,7.6000000000000005,4.6,47.21016666666668
0.75,7.6000000000000005,4.9,47.28466666666668
0.75,7.6000000000000005,5.2,47.35916666666668
0.75,7.6000000000000005,5.5,47.43366666666668
0.75,7.6000000000000005,5.800000000000001,47.50816666666668
0.75,7.6000000000000005,6.1000000000000005,47.58266666666668
0.75,7.6000000000000005,6.4,47.657166666666676
0.75,7.6000000000000005,6.7,47.731666666666676
0.75,7.6000000000000005,7.0,47.80616666666668
0.75,7.6000000000000005,7.300000000000001,47.88066666666668
0.75,7.6000000000000005,7.6000000000000005,47.95516666666668
0.75,7.6000000000000005,7.9,48.02966666666668
0.75,7.6000000000000005,8.200000000000001,48.10416666666668
0.75,7.6000000000000005,8.5,48.17866666666668
0.75,7.6000000000000005,8.8,48.25316666666668
0.75,7.6000000000000005,9.100000000000001,48.32766666666669
0.75,7.6000000000000005,9.4,48.40216666666669
0.75,7.6000000000000005,9.7,48.47666666666668
0.75,7.6000000000000005,10.0,48.55116666666668
0.75,7.9,4.0,45.84366666666667
0.75,7.9,4.3,45.93841666666667
0.75,7.9,4.6,46.03316666666667
0.75,7.9,4.9,46.12791666666667
0.75,7.9,5.2,46.222666666666676
0.75,7.9,5.5,46.317416666666674
0.75,7.9,5.800000000000001,46.41216666666668
0.75,7.9,6.1000000000000005,46.506916666666676
0.75,7.9,6.4,46.60166666666668
0.75,7.9,6.7,46.69641666666667
0.75,7.9,7.0,46.791166666666676
0.75,7.9,7.300000000000001,46.885916666666674
0.75,7.9,7.6000000000000005,46.98066666666668
0.75,7.9,7.9,47.075416666666676
0.75,7.9,8.200000000000001,47.17016666666668
0.75,7.9,8.5,47.26491666666668
0.75,7.9,8.8,47.35966666666668
0.75,7.9,9.100000000000001,47.45441666666668
0.75,7.9,9.4,47.54916666666668
0.75,7.9,9.7,47.64391666666668
0.75,7.9,10.0,47.73866666666668
0.75,8.200000000000001,4.0,44.62616666666666
0.75,8.200000000000001,4.3,44.741166666666665
0.75,8.200000000000001,4.6,44.85616666666667
0.75,8.200000000000001,4.9,44.97116666666667
0.75,8.200000000000001,5.2,45.08616666666667
0.75,8.200000000000001,5.5,45.20116666666667
0.75,8.200000000000001,5.800000000000001,45.316166666666675
0.75,8.200000000000001,6.1000000000000005,45.43116666666668
0.75,8.200000000000001,6.4,45.546166666666664
0.75,8.200000000000001,6.7,45.66116666666667
0.75,8.200000000000001,7.0,45.77616666666667
0.75,8.200000000000001,7.300000000000001,45.89116666666667
0.75,8.200000000000001,7.6000000000000005,46.00616666666667
0.75,8.200000000000001,7.9,46.121166666666674
0.75,8.200000000000001,8.200000000000001,46.236166666666676
0.75,8.200000000000001,8.5,46.35116666666668
0.75,8.200000000000001,8.8,46.46616666666668
0.75,8.200000000000001,9.100000000000001,46.58116666666668
0.75,8.200000000000001,9.4,46.696166666666684
0.75,8.200000000000001,9.7,46.81116666666667
0.75,8.200000000000001,10.0,46.926166666666674
0.75,8.5,4.0,43.40866666666667
0.75,8.5,4.3,43.54391666666667
0.75,8.5,4.6,43.67916666666667
0.75,8.5,4.9,43.81441666666667
0.75,8.5,5.2,43.94966666666667
0.75,8.5,5.5,44.08491666666667
0.75,8.5,5.800000000000001,44.22016666666668
0.75,8.5,6.1000000000000005,44.35541666666668
0.75,8.5,6.4,44.49066666666667
0.75,8.5,6.7,44.625916666666676
0.75,8.5,7.0,44.761166666666675
0.75,8.5,7.300000000000001,44.896416666666674
0.75,8.5,7.6000000000000005,45.03166666666668
0.75,8.5,7.9,45.16691666666668
0.75,8.5,8.200000000000001,45.30216666666668
0.75,8.5,8.5,45.437416666666685
0.75,8.5,8.8,45.572666666666684
0.75,8.5,9.100000000000001,45.707916666666684
0.75,8.5,9.4,45.84316666666669
0.75,8.5,9.7,45.97841666666668
0.75,8.5,10.0,46.11366666666668
0.75,8.8,4.3,42.346666666666664
0.75,8.8,4.6,42.50216666666666
0.75,8.8,4.9,42.657666666666664
0.75,8.8,5.2,42.81316666666667
0.75,8.8,5.5,42.96866666666667
0.75,8.8,5.800000000000001,43.12416666666667
0.75,8.8,6.1000000000000005,43.27966666666667
0.75,8.8,6.4,43.435166666666674
0.75,8.8,6.7,43.59066666666667
0.75,8.8,7.0,43.74616666666667
0.75,8.8,7.300000000000001,43.90166666666667
0.75,8.8,7.6000000000000005,44.057166666666674
0.75,8.8,7.9,44.21266666666668
0.75,8.8,8.200000000000001,44.36816666666668
0.75,8.8,8.5,44.52366666666668
0.75,8.8,8.8,44.67916666666668
0.75,8.8,9.100000000000001,44.834666666666685
0.75,8.8,9.4,44.99016666666668
0.75,8.8,9.7,45.14566666666668
0.75,9.100000000000001,4.6,41.32516666666666
0.75,9.100000000000001,4.9,41.50091666666667
0.75,9.100000000000001,5.2,41.67666666666667
0.75,9.100000000000001,5.5,41.85241666666667
0.75,9.100000000000001,5.800000000000001,42.02816666666667
0.75,9.100000000000001,6.1000000000000005,42.20391666666667
0.75,9.100000000000001,6.4,42.37966666666668
0.75,9.100000000000001,6.7,42.55541666666667
0.75,9.100000000000001,7.0,42.731166666666674
0.75,9.100000000000001,7.300000000000001,42.906916666666675
0.75,9.100000000000001,7.6000000000000005,43.082666666666675
0.75,9.100000000000001,7.9,43.25841666666668
0.75,9.100000000000001,8.200000000000001,43.434166666666684
0.75,9.100000000000001,8.5,43.609916666666685
0.75,9.100000000000001,8.8,43.785666666666685
0.75,9.100000000000001,9.100000000000001,43.961416666666686
0.75,9.100000000000001,9.4,44.13716666666669
0.75,9.4,4.9,40.34416666666666
0.75,9.4,5.2,40.540166666666664
0.75,9.4,5.5,40.73616666666667
0.75,9.4,5.800000000000001,40.93216666666667
0.75,9.4,6.1000000000000005,41.12816666666667
0.75,9.4,6.4,41.32416666666666
0.75,9.4,6.7,41.52016666666667
0.75,9.4,7.0,41.71616666666667
0.75,9.4,7.300000000000001,41.91216666666667
0.75,9.4,7.6000000000000005,42.108166666666676
0.75,9.4,7.9,42.30416666666668
0.75,9.4,8.200000000000001,42.50016666666668
0.75,9.4,8.5,42.696166666666684
0.75,9.4,8.8,42.89216666666668
0.75,9.4,9.100000000000001,43.08816666666669
0.75,9.7,5.2,39.403666666666666
0.75,9.7,5.5,39.61991666666667
0.75,9.7,5.800000000000001,39.83616666666667
0.75,9.7,6.1000000000000005,40.05241666666667
0.75,9.7,6.4,40.26866666666667
0.75,9.7,6.7,40.48491666666667
0.75,9.7,7.0,40.70116666666667
0.75,9.7,7.300000000000001,40.917416666666675
0.75,9.7,7.6000000000000005,41.13366666666668
0.75,9.7,7.9,41.34991666666668
0.75,9.7,8.200000000000001,41.56616666666668
0.75,9.7,8.5,41.78241666666669
0.75,9.7,8.8,41.99866666666669
0.75,10.0,5.5,38.50366666666666
0.75,10.0,5.800000000000001,38.74016666666667
0.75,10.0,6.1000000000000005,38.97666666666667
0.75,10.0,6.4,39.21316666666667
0.75,10.0,6.7,39.449666666666666
0.75,10.0,7.0,39.68616666666667
0.75,10.0,7.300000000000001,39.92266666666667
0.75,10.0,7.6000000000000005,40.15916666666668
0.75,10.0,7.9,40.39566666666668
0.75,10.0,8.200000000000001,40.632166666666684
0.75,10.0,8.5,40.868666666666684
0.8,4.0,5.2,60.75356666666671
0.8,4.0,5.5,60.655666666666704
0.8,4.0,5.800000000000001,60.5577666666667
0.8,4.0,6.1000000000000005,60.4598666666667
0.8,4.0,6.4,60.361966666666696
0.8,4.0,6.7,60.264066666666686
0.8,4.0,7.0,60.16616666666668
0.8,4.0,7.300000000000001,60.06826666666668
0.8,4.0,7.6000000000000005,59.97036666666668
0.8,4.0,7.9,59.872466666666675
0.8,4.0,8.200000000000001,59.77456666666667
0.8,4.0,8.5,59.67666666666668
0.8,4.0,8.8,59.578766666666674
0.8,4.3,4.9,59.7469666666667
0.8,4.3,5.2,59.6693166666667
0.8,4.3,5.5,59.5916666666667
0.8,4.3,5.800000000000001,59.5140166666667
0.8,4.3,6.1000000000000005,59.43636666666669
0.8,4.3,6.4,59.35871666666669
0.8,4.3,6.7,59.28106666666668
0.8,4.3,7.0,59.20341666666668
0.8,4.3,7.300000000000001,59.12576666666668
0.8,4.3,7.6000000000000005,59.04811666666668
0.8,4.3,7.9,58.970466666666674
0.8,4.3,8.200000000000001,58.892816666666675
0.8,4.3,8.5,58.81516666666667
0.8,4.3,8.8,58.73751666666667
0.8,4.3,9.100000000000001,58.659866666666666
0.8,4.6,4.6,58.69986666666671
0.8,4.6,4.9,58.64246666666671
0.8,4.6,5.2,58.585066666666705
0.8,4.6,5.5,58.527666666666704
0.8,4.6,5.800000000000001,58.470266666666696
0.8,4.6,6.1000000000000005,58.412866666666694
0.8,4.6,6.4,58.355466666666686
0.8,4.6,6.7,58.298066666666685
0.8,4.6,7.0,58.240666666666684
0.8,4.6,7.300000000000001,58.18326666666668
0.8,4.6,7.6000000000000005,58.12586666666668
0.8,4.6,7.9,58.06846666666668
0.8,4.6,8.200000000000001,58.01106666666668
0.8,4.6,8.5,57.95366666666668
0.8,4.6,8.8,57.896266666666676
0.8,4.6,9.100000000000001,57.838866666666675
0.8,4.6,9.4,57.781466666666674
0.8,4.9,4.3,57.6122666666667
0.8,4.9,4.6,57.5751166666667
0.8,4.9,4.9,57.5379666666667
0.8,4.9,5.2,57.500816666666694
0.8,4.9,5.5,57.4636666666667
0.8,4.9,5.800000000000001,57.42651666666669
0.8,4.9,6.1000000000000005,57.38936666666669
0.8,4.9,6.4,57.35221666666669
0.8,4.9,6.7,57.31506666666668
0.8,4.9,7.0,57.277916666666684
0.8,4.9,7.300000000000001,57.24076666666668
0.8,4.9,7.6000000000000005,57.203616666666676
0.8,4.9,7.9,57.16646666666668
0.8,4.9,8.200000000000001,57.129316666666675
0.8,4.9,8.5,57.09216666666668
0.8,4.9,8.8,57.055016666666674
0.8,4.9,9.100000000000001,57.01786666666667
0.8,4.9,9.4,56.98071666666667
0.8,4.9,9.7,56.94356666666666
0.8,5.2,4.0,56.4841666666667
0.8,5.2,4.3,56.4672666666667
0.8,5.2,4.6,56.4503666666667
0.8,5.2,4.9,56.4334666666667
0.8,5.2,5.2,56.4165666666667
0.8,5.2,5.5,56.3996666666667
0.8,5.2,5.800000000000001,56.3827666666667
0.8,5.2,6.1000000000000005,56.3658666666667
0.8,5.2,6.4,56.3489666666667
0.8,5.2,6.7,56.332066666666684
0.8,5.2,7.0,56.315166666666684
0.8,5.2,7.300000000000001,56.298266666666684
0.8,5.2,7.6000000000000005,56.281366666666685
0.8,5.2,7.9,56.26446666666668
0.8,5.2,8.200000000000001,56.24756666666668
0.8,5.2,8.5,56.23066666666668
0.8,5.2,8.8,56.21376666666668
0.8,5.2,9.100000000000001,56.19686666666668
0.8,5.2,9.4,56.17996666666668
0.8,5.2,9.7,56.163066666666666
0.8,5.2,10.0,56.146166666666666
0.8,5.5,4.0,55.318916666666695
0.8,5.5,4.3,55.3222666666667
0.8,5.5,4.6,55.3256166666667
0.8,5.5,4.9,55.328966666666695
0.8,5.5,5.2,55.33231666666669
0.8,5.5,5.5,55.33566666666669
0.8,5.5,5.800000000000001,55.339016666666694
0.8,5.5,6.1000000000000005,55.34236666666669
0.8,5.5,6.4,55.34571666666668
0.8,5.5,6.7,55.34906666666668
0.8,5.5,7.0,55.352416666666684
0.8,5.5,7.300000000000001,55.35576666666668
0.8,5.5,7.6000000000000005,55.35911666666668
0.8,5.5,7.9,55.36246666666668
0.8,5.5,8.200000000000001,55.365816666666674
0.8,5.5,8.5,55.36916666666668
0.8,5.5,8.8,55.37251666666668
0.8,5.5,9.100000000000001,55.375866666666674
0.8,5.5,9.4,55.37921666666667
0.8,5.5,9.7,55.382566666666676
0.8,5.5,10.0,55.38591666666667
0.8,5.800000000000001,4.0,54.153666666666695
0.8,5.800000000000001,4.3,54.17726666666669
0.8,5.800000000000001,4.6,54.20086666666669
0.8,5.800000000000001,4.9,54.224466666666686
0.8,5.800000000000001,5.2,54.24806666666669
0.8,5.800000000000001,5.5,54.27166666666669
0.8,5.800000000000001,5.800000000000001,54.295266666666684
0.8,5.800000000000001,6.1000000000000005,54.318866666666686
0.8,5.800000000000001,6.4,54.34246666666669
0.8,5.800000000000001,6.7,54.366066666666676
0.8,5.800000000000001,7.0,54.38966666666668
0.8,5.800000000000001,7.300000000000001,54.41326666666668
0.8,5.800000000000001,7.6000000000000005,54.436866666666674
0.8,5.800000000000001,7.9,54.460466666666676
0.8,5.800000000000001,8.200000000000001,54.48406666666668
0.8,5.800000000000001,8.5,54.50766666666667
0.8,5.800000000000001,8.8,54.531266666666674
0.8,5.800000000000001,9.100000000000001,54.554866666666676
0.8,5.800000000000001,9.4,54.57846666666667
0.8,5.800000000000001,9.7,54.602066666666666
0.8,5.800000000000001,10.0,54.62566666666667
0.8,6.1000000000000005,4.0,52.988416666666694
0.8,6.1000000000000005,4.3,53.03226666666669
0.8,6.1000000000000005,4.6,53.07611666666669
0.8,6.1000000000000005,4.9,53.11996666666669
0.8,6.1000000000000005,5.2,53.16381666666669
0.8,6.1000000000000005,5.5,53.20766666666669
0.8,6.1000000000000005,5.800000000000001,53.25151666666669
0.8,6.1000000000000005,6.1000000000000005,53.29536666666669
0.8,6.1000000000000005,6.4,53.33921666666669
0.8,6.1000000000000005,6.7,53.38306666666668
0.8,6.1000000000000005,7.0,53.426916666666685
0.8,6.1000000000000005,7.300000000000001,53.470766666666684
0.8,6.1000000000000005,7.6000000000000005,53.51461666666668
0.8,6.1000000000000005,7.9,53.55846666666668
0.8,6.1000000000000005,8.200000000000001,53.60231666666668
0.8,6.1000000000000005,8.5,53.64616666666668
0.8,6.1000000000000005,8.8,53.69001666666668
0.8,6.1000000000000005,9.100000000000001,53.73386666666668
0.8,6.1000000000000005,9.4,53.77771666666668
0.8,6.1000000000000005,9.7,53.82156666666667
0.8,6.1000000000000005,10.0,53.86541666666667
0.8,6.4,4.0,51.82316666666669
0.8,6.4,4.3,51.88726666666668
0.8,6.4,4.6,51.95136666666669
0.8,6.4,4.9,52.01546666666668
0.8,6.4,5.2,52.079566666666686
0.8,6.4,5.5,52.14366666666668
0.8,6.4,5.800000000000001,52.207766666666686
0.8,6.4,6.1000000000000005,52.27186666666668
0.8,6.4,6.4,52.33596666666668
0.8,6.4,6.7,52.400066666666675
0.8,6.4,7.0,52.46416666666668
0.8,6.4,7.300000000000001,52.52826666666668
0.8,6.4,7.6000000000000005,52.59236666666668
0.8,6.4,7.9,52.65646666666668
0.8,6.4,8.200000000000001,52.72056666666668
0.8,6.4,8.5,52.78466666666668
0.8,6.4,8.8,52.84876666666668
0.8,6.4,9.100000000000001,52.91286666666668
0.8,6.4,9.4,52.97696666666668
0.8,6.4,9.7,53.04106666666668
0.8,6.4,10.0,53.10516666666667
0.8,6.7,4.0,50.65791666666669
0.8,6.7,4.3,50.74226666666669
0.8,6.7,4.6,50.82661666666669
0.8,6.7,4.9,50.91096666666669
0.8,6.7,5.2,50.99531666666669
0.8,6.7,5.5,51.07966666666669
0.8,6.7,5.800000000000001,51.16401666666669
0.8,6.7,6.1000000000000005,51.24836666666669
0.8,6.7,6.4,51.332716666666684
0.8,6.7,6.7,51.417066666666685
0.8,6.7,7.0,51.501416666666685
0.8,6.7,7.300000000000001,51.58576666666668
0.8,6.7,7.6000000000000005,51.67011666666668
0.8,6.7,7.9,51.75446666666668
0.8,6.7,8.200000000000001,51.83881666666668
0.8,6.7,8.5,51.92316666666668
0.8,6.7,8.8,52.00751666666668
0.8,6.7,9.100000000000001,52.09186666666668
0.8,6.7,9.4,52.17621666666668
0.8,6.7,9.7,52.26056666666668
0.8,6.7,10.0,52.34491666666668
0.8,7.0,4.0,49.49266666666668
0.8,7.0,4.3,49.597266666666684
0.8,7.0,4.6,49.70186666666668
0.8,7.0,4.9,49.80646666666668
0.8,7.0,5.2,49.911066666666684
0.8,7.0,5.5,50.01566666666668
0.8,7.0,5.800000000000001,50.12026666666668
0.8,7.0,6.1000000000000005,50.224866666666685
0.8,7.0,6.4,50.32946666666668
0.8,7.0,6.7,50.43406666666668
0.8,7.0,7.0,50.53866666666668
0.8,7.0,7.300000000000001,50.643266666666676
0.8,7.0,7.6000000000000005,50.74786666666668
0.8,7.0,7.9,50.85246666666668
0.8,7.0,8.200000000000001,50.95706666666668
0.8,7.0,8.5,51.06166666666668
0.8,7.0,8.8,51.16626666666668
0.8,7.0,9.100000000000001,51.27086666666668
0.8,7.0,9.4,51.37546666666668
0.8,7.0,9.7,51.48006666666667
0.8,7.0,10.0,51.58466666666668
0.8,7.300000000000001,4.0,48.32741666666667
0.8,7.300000000000001,4.3,48.452266666666674
0.8,7.300000000000001,4.6,48.577116666666676
0.8,7.300000000000001,4.9,48.70196666666668
0.8,7.300000000000001,5.2,48.82681666666668
0.8,7.300000000000001,5.5,48.951666666666675
0.8,7.300000000000001,5.800000000000001,49.07651666666668
0.8,7.300000000000001,6.1000000000000005,49.20136666666668
0.8,7.300000000000001,6.4,49.326216666666674
0.8,7.300000000000001,6.7,49.45106666666668
0.8,7.300000000000001,7.0,49.57591666666667
0.8,7.300000000000001,7.300000000000001,49.700766666666674
0.8,7.300000000000001,7.6000000000000005,49.825616666666676
0.8,7.300000000000001,7.9,49.95046666666668
0.8,7.300000000000001,8.200000000000001,50.07531666666668
0.8,7.300000000000001,8.5,50.200166666666675
0.8,7.300000000000001,8.8,50.32501666666668
0.8,7.300000000000001,9.100000000000001,50.44986666666668
0.8,7.300000000000001,9.4,50.57471666666668
0.8,7.300000000000001,9.7,50.69956666666668
0.8,7.300000000000001,10.0,50.82441666666667
0.8,7.6000000000000005,4.0,47.16216666666668
0.8,7.6000000000000005,4.3,47.30726666666668
0.8,7.6000000000000005,4.6,47.45236666666668
0.8,7.6000000000000005,4.9,47.597466666666676
0.8,7.6000000000000005,5.2,47.74256666666668
0.8,7.6000000000000005,5.5,47.88766666666668
0.8,7.6000000000000005,5.800000000000001,48.03276666666668
0.8,7.6000000000000005,6.1000000000000005,48.17786666666668
0.8,7.6000000000000005,6.4,48.32296666666667
0.8,7.6000000000000005,6.7,48.46806666666668
0.8,7.6000000000000005,7.0,48.61316666666668
0.8,7.6000000000000005,7.300000000000001,48.75826666666668
0.8,7.6000000000000005,7.6000000000000005,48.90336666666668
0.8,7.6000000000000005,7.9,49.048466666666684
0.8,7.6000000000000005,8.200000000000001,49.19356666666668
0.8,7.6000000000000005,8.5,49.33866666666668
0.8,7.6000000000000005,8.8,49.48376666666668
0.8,7.6000000000000005,9.100000000000001,49.62886666666668
0.8,7.6000000000000005,9.4,49.77396666666669
0.8,7.6000000000000005,9.7,49.91906666666669
0.8,7.6000000000000005,10.0,50.06416666666668
0.8,7.9,4.0,45.99691666666667
0.8,7.9,4.3,46.16226666666667
0.8,7.9,4.6,46.32761666666667
0.8,7.9,4.9,46.492966666666675
0.8,7.9,5.2,46.65831666666667
0.8,7.9,5.5,46.823666666666675
0.8,7.9,5.800000000000001,46.98901666666668
0.8,7.9,6.1000000000000005,47.154366666666675
0.8,7.9,6.4,47.31971666666668
0.8,7.9,6.7,47.485066666666675
0.8,7.9,7.0,47.65041666666667
0.8,7.9,7.300000000000001,47.815766666666676
0.8,7.9,7.6000000000000005,47.98111666666668
0.8,7.9,7.9,48.146466666666676
0.8,7.9,8.200000000000001,48.31181666666668
0.8,7.9,8.5,48.47716666666668
0.8,7.9,8.8,48.64251666666668
0.8,7.9,9.100000000000001,48.80786666666668
0.8,7.9,9.4,48.97321666666669
0.8,7.9,9.7,49.13856666666668
0.8,7.9,10.0,49.30391666666668
0.8,8.200000000000001,4.0,44.83166666666666
0.8,8.200000000000001,4.3,45.017266666666664
0.8,8.200000000000001,4.6,45.202866666666665
0.8,8.200000000000001,4.9,45.388466666666666
0.8,8.200000000000001,5.2,45.57406666666667
0.8,8.200000000000001,5.5,45.75966666666667
0.8,8.200000000000001,5.800000000000001,45.94526666666667
0.8,8.200000000000001,6.1000000000000005,46.13086666666668
0.8,8.200000000000001,6.4,46.31646666666667
0.8,8.200000000000001,6.7,46.50206666666667
0.8,8.200000000000001,7.0,46.68766666666667
0.8,8.200000000000001,7.300000000000001,46.87326666666667
0.8,8.200000000000001,7.6000000000000005,47.058866666666674
0.8,8.200000000000001,7.9,47.244466666666675
0.8,8.200000000000001,8.200000000000001,47.430066666666676
0.8,8.200000000000001,8.5,47.61566666666668
0.8,8.200000000000001,8.8,47.80126666666668
0.8,8.200000000000001,9.100000000000001,47.98686666666668
0.8,8.200000000000001,9.4,48.172466666666686
0.8,8.200000000000001,9.7,48.35806666666669
0.8,8.200000000000001,10.0,48.54366666666668
0.8,8.5,4.0,43.66641666666666
0.8,8.5,4.3,43.87226666666667
0.8,8.5,4.6,44.078116666666666
0.8,8.5,4.9,44.28396666666667
0.8,8.5,5.2,44.48981666666667
0.8,8.5,5.5,44.695666666666675
0.8,8.5,5.800000000000001,44.90151666666667
0.8,8.5,6.1000000000000005,45.10736666666668
0.8,8.5,6.4,45.31321666666667
0.8,8.5,6.7,45.519066666666674
0.8,8.5,7.0,45.72491666666667
0.8,8.5,7.300000000000001,45.93076666666668
0.8,8.5,7.6000000000000005,46.136616666666676
0.8,8.5,7.9,46.34246666666668
0.8,8.5,8.200000000000001,46.54831666666668
0.8,8.5,8.5,46.754166666666684
0.8,8.5,8.8,46.96001666666668
0.8,8.5,9.100000000000001,47.16586666666669
0.8,8.5,9.4,47.371716666666686
0.8,8.5,9.7,47.57756666666669
0.8,8.5,10.0,47.78341666666668
0.8,8.8,4.0,42.501166666666656
0.8,8.8,4.3,42.72726666666666
0.8,8.8,4.6,42.95336666666666
0.8,8.8,4.9,43.17946666666666
0.8,8.8,5.2,43.405566666666665
0.8,8.8,5.5,43.63166666666667
0.8,8.8,5.800000000000001,43.85776666666667
0.8,8.8,6.1000000000000005,44.08386666666667
0.8,8.8,6.4,44.309966666666675
0.8,8.8,6.7,44.53606666666667
0.8,8.8,7.0,44.76216666666667
0.8,8.8,7.300000000000001,44.988266666666675
0.8,8.8,7.6000000000000005,45.21436666666668
0.8,8.8,7.9,45.44046666666668
0.8,8.8,8.200000000000001,45.66656666666668
0.8,8.8,8.5,45.892666666666685
0.8,8.8,8.8,46.11876666666668
0.8,8.8,9.100000000000001,46.34486666666668
0.8,8.8,9.4,46.570966666666685
0.8,8.8,9.7,46.79706666666668
0.8,8.8,10.0,47.02316666666668
0.8,9.100000000000001,4.3,41.58226666666666
0.8,9.100000000000001,4.6,41.82861666666666
0.8,9.100000000000001,4.9,42.07496666666667
0.8,9.100000000000001,5.2,42.32131666666667
0.8,9.100000000000001,5.5,42.56766666666667
0.8,9.100000000000001,5.800000000000001,42.814016666666674
0.8,9.100000000000001,6.1000000000000005,43.060366666666674
0.8,9.100000000000001,6.4,43.306716666666674
0.8,9.100000000000001,6.7,43.55306666666667
0.8,9.100000000000001,7.0,43.79941666666667
0.8,9.100000000000001,7.300000000000001,44.04576666666668
0.8,9.100000000000001,7.6000000000000005,44.29211666666668
0.8,9.100000000000001,7.9,44.53846666666668
0.8,9.100000000000001,8.200000000000001,44.784816666666686
0.8,9.100000000000001,8.5,45.031166666666685
0.8,9.100000000000001,8.8,45.277516666666685
0.8,9.100000000000001,9.100000000000001,45.52386666666669
0.8,9.100000000000001,9.4,45.77021666666669
0.8,9.100000000000001,9.7,46.01656666666669
0.8,9.4,4.6,40.703866666666656
0.8,9.4,4.9,40.97046666666666
0.8,9.4,5.2,41.237066666666664
0.8,9.4,5.5,41.50366666666667
0.8,9.4,5.800000000000001,41.77026666666667
0.8,9.4,6.1000000000000005,42.03686666666667
0.8,9.4,6.4,42.303466666666665
0.8,9.4,6.7,42.57006666666667
0.8,9.4,7.0,42.83666666666667
0.8,9.4,7.300000000000001,43.10326666666668
0.8,9.4,7.6000000000000005,43.369866666666674
0.8,9.4,7.9,43.63646666666668
0.8,9.4,8.200000000000001,43.90306666666668
0.8,9.4,8.5,44.169666666666686
0.8,9.4,8.8,44.43626666666668
0.8,9.4,9.100000000000001,44.70286666666669
0.8,9.4,9.4,44.96946666666669
0.8,9.7,4.9,39.865966666666665
0.8,9.7,5.2,40.152816666666666
0.8,9.7,5.5,40.43966666666667
0.8,9.7,5.800000000000001,40.72651666666667
0.8,9.7,6.1000000000000005,41.01336666666668
0.8,9.7,6.4,41.30021666666667
0.8,9.7,6.7,41.58706666666667
0.8,9.7,7.0,41.87391666666667
0.8,9.7,7.300000000000001,42.160766666666674
0.8,9.7,7.6000000000000005,42.44761666666668
0.8,9.7,7.9,42.734466666666684
0.8,9.7,8.200000000000001,43.021316666666685
0.8,9.7,8.5,43.308166666666686
0.8,9.7,8.8,43.595016666666695
0.8,9.7,9.100000000000001,43.881866666666696
0.8,10.0,5.2,39.06856666666666
0.8,10.0,5.5,39.37566666666666
0.8,10.0,5.800000000000001,39.682766666666666
0.8,10.0,6.1000000000000005,39.98986666666667
0.8,10.0,6.4,40.29696666666667
0.8,10.0,6.7,40.60406666666667
0.8,10.0,7.0,40.911166666666674
0.8,10.0,7.300000000000001,41.21826666666667
0.8,10.0,7.6000000000000005,41.52536666666668
0.8,10.0,7.9,41.83246666666668
0.8,10.0,8.200000000000001,42.13956666666668
0.8,10.0,8.5,42.44666666666669
0.8,10.0,8.8,42.75376666666669
0.8500000000000001,4.0,4.9,60.53726666666671
0.8500000000000001,4.0,5.2,60.509966666666706
0.8500000000000001,4.0,5.5,60.4826666666667
0.8500000000000001,4.0,5.800000000000001,60.4553666666667
0.8500000000000001,4.0,6.1000000000000005,60.4280666666667
0.8500000000000001,4.0,6.4,60.40076666666669
0.8500000000000001,4.0,6.7,60.37346666666669
0.8500000000000001,4.0,7.0,60.34616666666668
0.8500000000000001,4.0,7.300000000000001,60.318866666666686
0.8500000000000001,4.0,7.6000000000000005,60.29156666666668
0.8500000000000001,4.0,7.9,60.26426666666668
0.8500000000000001,4.0,8.200000000000001,60.236966666666675
0.8500000000000001,4.0,8.5,60.20966666666668
0.8500000000000001,4.0,8.8,60.182366666666674
0.8500000000000001,4.0,9.100000000000001,60.15506666666667
0.8500000000000001,4.3,4.6,59.4920666666667
0.8500000000000001,4.3,4.9,59.4850166666667
0.8500000000000001,4.3,5.2,59.4779666666667
0.8500000000000001,4.3,5.5,59.470916666666696
0.8500000000000001,4.3,5.800000000000001,59.463866666666696
0.8500000000000001,4.3,6.1000000000000005,59.45681666666669
0.8500000000000001,4.3,6.4,59.44976666666668
0.8500000000000001,4.3,6.7,59.44271666666668
0.8500000000000001,4.3,7.0,59.435666666666684
0.8500000000000001,4.3,7.300000000000001,59.42861666666668
0.8500000000000001,4.3,7.6000000000000005,59.42156666666668
0.8500000000000001,4.3,7.9,59.41451666666668
0.8500000000000001,4.3,8.200000000000001,59.40746666666667
0.8500000000000001,4.3,8.5,59.40041666666667
0.8500000000000001,4.3,8.8,59.39336666666667
0.8500000000000001,4.3,9.100000000000001,59.386316666666666
0.8500000000000001,4.3,9.4,59.37926666666666
0.8500000000000001,4.6,4.3,58.406366666666706
0.8500000000000001,4.6,4.6,58.419566666666704
0.8500000000000001,4.6,4.9,58.4327666666667
0.8500000000000001,4.6,5.2,58.445966666666706
0.8500000000000001,4.6,5.5,58.459166666666704
0.8500000000000001,4.6,5.800000000000001,58.4723666666667
0.8500000000000001,4.6,6.1000000000000005,58.48556666666669
0.8500000000000001,4.6,6.4,58.49876666666669
0.8500000000000001,4.6,6.7,58.51196666666669
0.8500000000000001,4.6,7.0,58.525166666666685
0.8500000000000001,4.6,7.300000000000001,58.53836666666668
0.8500000000000001,4.6,7.6000000000000005,58.55156666666668
0.8500000000000001,4.6,7.9,58.56476666666668
0.8500000000000001,4.6,8.200000000000001,58.57796666666668
0.8500000000000001,4.6,8.5,58.59116666666668
0.8500000000000001,4.6,8.8,58.60436666666668
0.8500000000000001,4.6,9.100000000000001,58.617566666666676
0.8500000000000001,4.6,9.4,58.630766666666666
0.8500000000000001,4.6,9.7,58.643966666666664
0.8500000000000001,4.9,4.0,57.2801666666667
0.8500000000000001,4.9,4.3,57.313616666666704
0.8500000000000001,4.9,4.6,57.3470666666667
0.8500000000000001,4.9,4.9,57.3805166666667
0.8500000000000001,4.9,5.2,57.413966666666695
0.8500000000000001,4.9,5.5,57.4474166666667
0.8500000000000001,4.9,5.800000000000001,57.48086666666669
0.8500000000000001,4.9,6.1000000000000005,57.514316666666694
0.8500000000000001,4.9,6.4,57.54776666666668
0.8500000000000001,4.9,6.7,57.581216666666684
0.8500000000000001,4.9,7.0,57.61466666666668
0.8500000000000001,4.9,7.300000000000001,57.64811666666668
0.8500000000000001,4.9,7.6000000000000005,57.681566666666676
0.8500000000000001,4.9,7.9,57.71501666666668
0.8500000000000001,4.9,8.200000000000001,57.74846666666668
0.8500000000000001,4.9,8.5,57.781916666666675
0.8500000000000001,4.9,8.8,57.81536666666668
0.8500000000000001,4.9,9.100000000000001,57.84881666666667
0.8500000000000001,4.9,9.4,57.882266666666666
0.8500000000000001,4.9,9.7,57.91571666666666
0.8500000000000001,4.9,10.0,57.94916666666666
0.8500000000000001,5.2,4.0,56.1671666666667
0.8500000000000001,5.2,4.3,56.2208666666667
0.8500000000000001,5.2,4.6,56.2745666666667
0.8500000000000001,5.2,4.9,56.3282666666667
0.8500000000000001,5.2,5.2,56.3819666666667
0.8500000000000001,5.2,5.5,56.4356666666667
0.8500000000000001,5.2,5.800000000000001,56.4893666666667
0.8500000000000001,5.2,6.1000000000000005,56.5430666666667
0.8500000000000001,5.2,6.4,56.59676666666669
0.8500000000000001,5.2,6.7,56.65046666666669
0.8500000000000001,5.2,7.0,56.70416666666669
0.8500000000000001,5.2,7.300000000000001,56.757866666666686
0.8500000000000001,5.2,7.6000000000000005,56.811566666666685
0.8500000000000001,5.2,7.9,56.865266666666685
0.8500000000000001,5.2,8.200000000000001,56.918966666666684
0.8500000000000001,5.2,8.5,56.97266666666668
0.8500000000000001,5.2,8.8,57.02636666666668
0.8500000000000001,5.2,9.100000000000001,57.080066666666674
0.8500000000000001,5.2,9.4,57.13376666666667
0.8500000000000001,5.2,9.7,57.187466666666666
0.8500000000000001,5.2,10.0,57.241166666666665
0.8500000000000001,5.5,4.0,55.054166666666696
0.8500000000000001,5.5,4.3,55.1281166666667
0.8500000000000001,5.5,4.6,55.202066666666695
0.8500000000000001,5.5,4.9,55.27601666666669
0.8500000000000001,5.5,5.2,55.349966666666695
0.8500000000000001,5.5,5.5,55.42391666666669
0.8500000000000001,5.5,5.800000000000001,55.497866666666695
0.8500000000000001,5.5,6.1000000000000005,55.571816666666685
0.8500000000000001,5.5,6.4,55.64576666666668
0.8500000000000001,5.5,6.7,55.719716666666685
0.8500000000000001,5.5,7.0,55.79366666666668
0.8500000000000001,5.5,7.300000000000001,55.867616666666684
0.8500000000000001,5.5,7.6000000000000005,55.94156666666668
0.8500000000000001,5.5,7.9,56.01551666666668
0.8500000000000001,5.5,8.200000000000001,56.08946666666668
0.8500000000000001,5.5,8.5,56.16341666666668
0.8500000000000001,5.5,8.8,56.237366666666674
0.8500000000000001,5.5,9.100000000000001,56.31131666666668
0.8500000000000001,5.5,9.4,56.385266666666666
0.8500000000000001,5.5,9.7,56.45921666666667
0.8500000000000001,5.5,10.0,56.533166666666666
0.8500000000000001,5.800000000000001,4.0,53.94116666666669
0.8500000000000001,5.800000000000001,4.3,54.03536666666669
0.8500000000000001,5.800000000000001,4.6,54.12956666666669
0.8500000000000001,5.800000000000001,4.9,54.22376666666669
0.8500000000000001,5.800000000000001,5.2,54.31796666666669
0.8500000000000001,5.800000000000001,5.5,54.412166666666685
0.8500000000000001,5.800000000000001,5.800000000000001,54.506366666666686
0.8500000000000001,5.800000000000001,6.1000000000000005,54.60056666666669
0.8500000000000001,5.800000000000001,6.4,54.69476666666668
0.8500000000000001,5.800000000000001,6.7,54.78896666666668
0.8500000000000001,5.800000000000001,7.0,54.88316666666668
0.8500000000000001,5.800000000000001,7.300000000000001,54.977366666666676
0.8500000000000001,5.800000000000001,7.6000000000000005,55.071566666666676
0.8500000000000001,5.800000000000001,7.9,55.16576666666668
0.8500000000000001,5.800000000000001,8.200000000000001,55.25996666666668
0.8500000000000001,5.800000000000001,8.5,55.35416666666668
0.8500000000000001,5.800000000000001,8.8,55.44836666666667
0.8500000000000001,5.800000000000001,9.100000000000001,55.54256666666667
0.8500000000000001,5.800000000000001,9.4,55.63676666666667
0.8500000000000001,5.800000000000001,9.7,55.73096666666667
0.8500000000000001,5.800000000000001,10.0,55.82516666666667
0.8500000000000001,6.1000000000000005,4.0,52.82816666666669
0.8500000000000001,6.1000000000000005,4.3,52.942616666666694
0.8500000000000001,6.1000000000000005,4.6,53.05706666666669
0.8500000000000001,6.1000000000000005,4.9,53.17151666666669
0.8500000000000001,6.1000000000000005,5.2,53.28596666666669
0.8500000000000001,6.1000000000000005,5.5,53.40041666666669
0.8500000000000001,6.1000000000000005,5.800000000000001,53.51486666666669
0.8500000000000001,6.1000000000000005,6.1000000000000005,53.62931666666669
0.8500000000000001,6.1000000000000005,6.4,53.74376666666668
0.8500000000000001,6.1000000000000005,6.7,53.858216666666685
0.8500000000000001,6.1000000000000005,7.0,53.97266666666668
0.8500000000000001,6.1000000000000005,7.300000000000001,54.08711666666668
0.8500000000000001,6.1000000000000005,7.6000000000000005,54.20156666666668
0.8500000000000001,6.1000000000000005,7.9,54.316016666666684
0.8500000000000001,6.1000000000000005,8.200000000000001,54.43046666666668
0.8500000000000001,6.1000000000000005,8.5,54.54491666666668
0.8500000000000001,6.1000000000000005,8.8,54.65936666666668
0.8500000000000001,6.1000000000000005,9.100000000000001,54.77381666666668
0.8500000000000001,6.1000000000000005,9.4,54.888266666666674
0.8500000000000001,6.1000000000000005,9.7,55.00271666666667
0.8500000000000001,6.1000000000000005,10.0,55.11716666666667
0.8500000000000001,6.4,4.0,51.71516666666669
0.8500000000000001,6.4,4.3,51.849866666666685
0.8500000000000001,6.4,4.6,51.98456666666669
0.8500000000000001,6.4,4.9,52.11926666666669
0.8500000000000001,6.4,5.2,52.253966666666685
0.8500000000000001,6.4,5.5,52.38866666666669
0.8500000000000001,6.4,5.800000000000001,52.52336666666669
0.8500000000000001,6.4,6.1000000000000005,52.65806666666668
0.8500000000000001,6.4,6.4,52.79276666666668
0.8500000000000001,6.4,6.7,52.92746666666668
0.8500000000000001,6.4,7.0,53.06216666666668
0.8500000000000001,6.4,7.300000000000001,53.19686666666668
0.8500000000000001,6.4,7.6000000000000005,53.33156666666668
0.8500000000000001,6.4,7.9,53.46626666666668
0.8500000000000001,6.4,8.200000000000001,53.60096666666668
0.8500000000000001,6.4,8.5,53.73566666666668
0.8500000000000001,6.4,8.8,53.870366666666676
0.8500000000000001,6.4,9.100000000000001,54.00506666666668
0.8500000000000001,6.4,9.4,54.139766666666674
0.8500000000000001,6.4,9.7,54.27446666666667
0.8500000000000001,6.4,10.0,54.40916666666667
0.8500000000000001,6.7,4.0,50.60216666666669
0.8500000000000001,6.7,4.3,50.75711666666669
0.8500000000000001,6.7,4.6,50.91206666666669
0.8500000000000001,6.7,4.9,51.06701666666669
0.8500000000000001,6.7,5.2,51.22196666666669
0.8500000000000001,6.7,5.5,51.37691666666669
0.8500000000000001,6.7,5.800000000000001,51.53186666666669
0.8500000000000001,6.7,6.1000000000000005,51.68681666666668
0.8500000000000001,6.7,6.4,51.84176666666668
0.8500000000000001,6.7,6.7,51.996716666666686
0.8500000000000001,6.7,7.0,52.151666666666685
0.8500000000000001,6.7,7.300000000000001,52.306616666666685
0.8500000000000001,6.7,7.6000000000000005,52.461566666666684
0.8500000000000001,6.7,7.9,52.61651666666668
0.8500000000000001,6.7,8.200000000000001,52.77146666666668
0.8500000000000001,6.7,8.5,52.92641666666668
0.8500000000000001,6.7,8.8,53.08136666666668
0.8500000000000001,6.7,9.100000000000001,53.23631666666668
0.8500000000000001,6.7,9.4,53.391266666666674
0.8500000000000001,6.7,9.7,53.54621666666668
0.8500000000000001,6.7,10.0,53.70116666666668
0.8500000000000001,7.0,4.0,49.489166666666684
0.8500000000000001,7.0,4.3,49.66436666666668
0.8500000000000001,7.0,4.6,49.839566666666684
0.8500000000000001,7.0,4.9,50.01476666666668
0.8500000000000001,7.0,5.2,50.189966666666685
0.8500000000000001,7.0,5.5,50.36516666666668
0.8500000000000001,7.0,5.800000000000001,50.540366666666685
0.8500000000000001,7.0,6.1000000000000005,50.71556666666668
0.8500000000000001,7.0,6.4,50.89076666666668
0.8500000000000001,7.0,6.7,51.065966666666675
0.8500000000000001,7.0,7.0,51.24116666666668
0.8500000000000001,7.0,7.300000000000001,51.416366666666676
0.8500000000000001,7.0,7.6000000000000005,51.59156666666668
0.8500000000000001,7.0,7.9,51.76676666666668
0.8500000000000001,7.0,8.200000000000001,51.94196666666668
0.8500000000000001,7.0,8.5,52.117166666666684
0.8500000000000001,7.0,8.8,52.29236666666668
0.8500000000000001,7.0,9.100000000000001,52.467566666666684
0.8500000000000001,7.0,9.4,52.642766666666674
0.8500000000000001,7.0,9.7,52.81796666666668
0.8500000000000001,7.0,10.0,52.993166666666674
0.8500000000000001,7.300000000000001,4.0,48.37616666666668
0.8500000000000001,7.300000000000001,4.3,48.57161666666668
0.8500000000000001,7.300000000000001,4.6,48.76706666666668
0.8500000000000001,7.300000000000001,4.9,48.96251666666668
0.8500000000000001,7.300000000000001,5.2,49.15796666666668
0.8500000000000001,7.300000000000001,5.5,49.35341666666668
0.8500000000000001,7.300000000000001,5.800000000000001,49.548866666666676
0.8500000000000001,7.300000000000001,6.1000000000000005,49.74431666666667
0.8500000000000001,7.300000000000001,6.4,49.93976666666667
0.8500000000000001,7.300000000000001,6.7,50.13521666666667
0.8500000000000001,7.300000000000001,7.0,50.33066666666667
0.8500000000000001,7.300000000000001,7.300000000000001,50.526116666666674
0.8500000000000001,7.300000000000001,7.6000000000000005,50.721566666666675
0.8500000000000001,7.300000000000001,7.9,50.917016666666676
0.8500000000000001,7.300000000000001,8.200000000000001,51.11246666666668
0.8500000000000001,7.300000000000001,8.5,51.30791666666668
0.8500000000000001,7.300000000000001,8.8,51.50336666666668
0.8500000000000001,7.300000000000001,9.100000000000001,51.69881666666668
0.8500000000000001,7.300000000000001,9.4,51.894266666666674
0.8500000000000001,7.300000000000001,9.7,52.089716666666675
0.8500000000000001,7.300000000000001,10.0,52.285166666666676
0.8500000000000001,7.6000000000000005,4.0,47.26316666666668
0.8500000000000001,7.6000000000000005,4.3,47.478866666666676
0.8500000000000001,7.6000000000000005,4.6,47.69456666666668
0.8500000000000001,7.6000000000000005,4.9,47.91026666666668
0.8500000000000001,7.6000000000000005,5.2,48.12596666666668
0.8500000000000001,7.6000000000000005,5.5,48.34166666666668
0.8500000000000001,7.6000000000000005,5.800000000000001,48.55736666666668
0.8500000000000001,7.6000000000000005,6.1000000000000005,48.77306666666667
0.8500000000000001,7.6000000000000005,6.4,48.98876666666668
0.8500000000000001,7.6000000000000005,6.7,49.204466666666676
0.8500000000000001,7.6000000000000005,7.0,49.42016666666668
0.8500000000000001,7.6000000000000005,7.300000000000001,49.63586666666668
0.8500000000000001,7.6000000000000005,7.6000000000000005,49.85156666666668
0.8500000000000001,7.6000000000000005,7.9,50.06726666666668
0.8500000000000001,7.6000000000000005,8.200000000000001,50.28296666666668
0.8500000000000001,7.6000000000000005,8.5,50.498666666666686
0.8500000000000001,7.6000000000000005,8.8,50.714366666666685
0.8500000000000001,7.6000000000000005,9.100000000000001,50.93006666666668
0.8500000000000001,7.6000000000000005,9.4,51.14576666666668
0.8500000000000001,7.6000000000000005,9.7,51.36146666666668
0.8500000000000001,7.6000000000000005,10.0,51.577166666666685
0.8500000000000001,7.9,4.0,46.15016666666667
0.8500000000000001,7.9,4.3,46.38611666666667
0.8500000000000001,7.9,4.6,46.622066666666676
0.8500000000000001,7.9,4.9,46.85801666666667
0.8500000000000001,7.9,5.2,47.093966666666674
0.8500000000000001,7.9,5.5,47.329916666666676
0.8500000000000001,7.9,5.800000000000001,47.56586666666668
0.8500000000000001,7.9,6.1000000000000005,47.80181666666668
0.8500000000000001,7.9,6.4,48.03776666666667
0.8500000000000001,7.9,6.7,48.27371666666667
0.8500000000000001,7.9,7.0,48.509666666666675
0.8500000000000001,7.9,7.300000000000001,48.74561666666668
0.8500000000000001,7.9,7.6000000000000005,48.98156666666668
0.8500000000000001,7.9,7.9,49.217516666666675
0.8500000000000001,7.9,8.200000000000001,49.45346666666668
0.8500000000000001,7.9,8.5,49.68941666666668
0.8500000000000001,7.9,8.8,49.92536666666668
0.8500000000000001,7.9,9.100000000000001,50.161316666666686
0.8500000000000001,7.9,9.4,50.39726666666668
0.8500000000000001,7.9,9.7,50.63321666666668
0.8500000000000001,7.9,10.0,50.86916666666668
0.8500000000000001,8.200000000000001,4.0,45.037166666666664
0.8500000000000001,8.200000000000001,4.3,45.293366666666664
0.8500000000000001,8.200000000000001,4.6,45.549566666666664
0.8500000000000001,8.200000000000001,4.9,45.80576666666667
0.8500000000000001,8.200000000000001,5.2,46.06196666666667
0.8500000000000001,8.200000000000001,5.5,46.31816666666667
0.8500000000000001,8.200000000000001,5.800000000000001,46.57436666666667
0.8500000000000001,8.200000000000001,6.1000000000000005,46.83056666666667
0.8500000000000001,8.200000000000001,6.4,47.08676666666667
0.8500000000000001,8.200000000000001,6.7,47.34296666666667
0.8500000000000001,8.200000000000001,7.0,47.59916666666667
0.8500000000000001,8.200000000000001,7.300000000000001,47.855366666666676
0.8500000000000001,8.200000000000001,7.6000000000000005,48.111566666666675
0.8500000000000001,8.200000000000001,7.9,48.367766666666675
0.8500000000000001,8.200000000000001,8.200000000000001,48.623966666666675
0.8500000000000001,8.200000000000001,8.5,48.88016666666668
0.8500000000000001,8.200000000000001,8.8,49.13636666666668
0.8500000000000001,8.200000000000001,9.100000000000001,49.39256666666668
0.8500000000000001,8.200000000000001,9.4,49.648766666666674
0.8500000000000001,8.200000000000001,9.7,49.90496666666668
0.8500000000000001,8.200000000000001,10.0,50.16116666666668
0.8500000000000001,8.5,4.0,43.924166666666665
0.8500000000000001,8.5,4.3,44.20061666666667
0.8500000000000001,8.5,4.6,44.477066666666666
0.8500000000000001,8.5,4.9,44.75351666666667
0.8500000000000001,8.5,5.2,45.029966666666674
0.8500000000000001,8.5,5.5,45.30641666666667
0.8500000000000001,8.5,5.800000000000001,45.582866666666675
0.8500000000000001,8.5,6.1000000000000005,45.85931666666667
0.8500000000000001,8.5,6.4,46.13576666666667
0.8500000000000001,8.5,6.7,46.41221666666667
0.8500000000000001,8.5,7.0,46.68866666666668
0.8500000000000001,8.5,7.300000000000001,46.965116666666674
0.8500000000000001,8.5,7.6000000000000005,47.24156666666668
0.8500000000000001,8.5,7.9,47.51801666666668
0.8500000000000001,8.5,8.200000000000001,47.79446666666668
0.8500000000000001,8.5,8.5,48.07091666666668
0.8500000000000001,8.5,8.8,48.34736666666669
0.8500000000000001,8.5,9.100000000000001,48.623816666666684
0.8500000000000001,8.5,9.4,48.90026666666668
0.8500000000000001,8.5,9.7,49.176716666666685
0.8500000000000001,8.5,10.0,49.45316666666668
0.8500000000000001,8.8,4.0,42.81116666666666
0.8500000000000001,8.8,4.3,43.10786666666666
0.8500000000000001,8.8,4.6,43.40456666666666
0.8500000000000001,8.8,4.9,43.70126666666666
0.8500000000000001,8.8,5.2,43.99796666666667
0.8500000000000001,8.8,5.5,44.29466666666667
0.8500000000000001,8.8,5.800000000000001,44.59136666666667
0.8500000000000001,8.8,6.1000000000000005,44.888066666666674
0.8500000000000001,8.8,6.4,45.18476666666667
0.8500000000000001,8.8,6.7,45.48146666666667
0.8500000000000001,8.8,7.0,45.77816666666667
0.8500000000000001,8.8,7.300000000000001,46.07486666666667
0.8500000000000001,8.8,7.6000000000000005,46.37156666666667
0.8500000000000001,8.8,7.9,46.668266666666675
0.8500000000000001,8.8,8.200000000000001,46.96496666666668
0.8500000000000001,8.8,8.5,47.261666666666684
0.8500000000000001,8.8,8.8,47.558366666666686
0.8500000000000001,8.8,9.100000000000001,47.85506666666669
0.8500000000000001,8.8,9.4,48.15176666666668
0.8500000000000001,8.8,9.7,48.44846666666668
0.8500000000000001,8.8,10.0,48.745166666666684
0.8500000000000001,9.100000000000001,4.0,41.69816666666666
0.8500000000000001,9.100000000000001,4.3,42.015116666666664
0.8500000000000001,9.100000000000001,4.6,42.33206666666666
0.8500000000000001,9.100000000000001,4.9,42.64901666666667
0.8500000000000001,9.100000000000001,5.2,42.96596666666667
0.8500000000000001,9.100000000000001,5.5,43.28291666666667
0.8500000000000001,9.100000000000001,5.800000000000001,43.59986666666667
0.8500000000000001,9.100000000000001,6.1000000000000005,43.916816666666676
0.8500000000000001,9.100000000000001,6.4,44.23376666666667
0.8500000000000001,9.100000000000001,6.7,44.55071666666667
0.8500000000000001,9.100000000000001,7.0,44.86766666666667
0.8500000000000001,9.100000000000001,7.300000000000001,45.18461666666668
0.8500000000000001,9.100000000000001,7.6000000000000005,45.501566666666676
0.8500000000000001,9.100000000000001,7.9,45.81851666666668
0.8500000000000001,9.100000000000001,8.200000000000001,46.13546666666669
0.8500000000000001,9.100000000000001,8.5,46.452416666666686
0.8500000000000001,9.100000000000001,8.8,46.76936666666669
0.8500000000000001,9.100000000000001,9.100000000000001,47.08631666666669
0.8500000000000001,9.100000000000001,9.4,47.40326666666669
0.8500000000000001,9.100000000000001,9.7,47.72021666666669
0.8500000000000001,9.100000000000001,10.0,48.03716666666669
0.8500000000000001,9.4,4.3,40.922366666666655
0.8500000000000001,9.4,4.6,41.25956666666666
0.8500000000000001,9.4,4.9,41.59676666666666
0.8500000000000001,9.4,5.2,41.93396666666666
0.8500000000000001,9.4,5.5,42.271166666666666
0.8500000000000001,9.4,5.800000000000001,42.60836666666667
0.8500000000000001,9.4,6.1000000000000005,42.945566666666664
0.8500000000000001,9.4,6.4,43.28276666666667
0.8500000000000001,9.4,6.7,43.61996666666667
0.8500000000000001,9.4,7.0,43.95716666666667
0.8500000000000001,9.4,7.300000000000001,44.294366666666676
0.8500000000000001,9.4,7.6000000000000005,44.63156666666668
0.8500000000000001,9.4,7.9,44.96876666666668
0.8500000000000001,9.4,8.200000000000001,45.305966666666684
0.8500000000000001,9.4,8.5,45.64316666666669
0.8500000000000001,9.4,8.8,45.98036666666669
0.8500000000000001,9.4,9.100000000000001,46.31756666666669
0.8500000000000001,9.4,9.4,46.65476666666669
0.8500000000000001,9.4,9.7,46.991966666666684
0.8500000000000001,9.7,4.6,40.18706666666666
0.8500000000000001,9.7,4.9,40.54451666666667
0.8500000000000001,9.7,5.2,40.90196666666667
0.8500000000000001,9.7,5.5,41.25941666666667
0.8500000000000001,9.7,5.800000000000001,41.616866666666674
0.8500000000000001,9.7,6.1000000000000005,41.97431666666667
0.8500000000000001,9.7,6.4,42.33176666666667
0.8500000000000001,9.7,6.7,42.689216666666674
0.8500000000000001,9.7,7.0,43.046666666666674
0.8500000000000001,9.7,7.300000000000001,43.40411666666668
0.8500000000000001,9.7,7.6000000000000005,43.76156666666668
0.8500000000000001,9.7,7.9,44.11901666666668
0.8500000000000001,9.7,8.200000000000001,44.47646666666669
0.8500000000000001,9.7,8.5,44.83391666666669
0.8500000000000001,9.7,8.8,45.19136666666669
0.8500000000000001,9.7,9.100000000000001,45.548816666666696
0.8500000000000001,9.7,9.4,45.90626666666669
0.8500000000000001,10.0,4.9,39.49226666666666
0.8500000000000001,10.0,5.2,39.86996666666666
0.8500000000000001,10.0,5.5,40.24766666666667
0.8500000000000001,10.0,5.800000000000001,40.625366666666665
0.8500000000000001,10.0,6.1000000000000005,41.00306666666667
0.8500000000000001,10.0,6.4,41.380766666666666
0.8500000000000001,10.0,6.7,41.75846666666667
0.8500000000000001,10.0,7.0,42.136166666666675
0.8500000000000001,10.0,7.300000000000001,42.51386666666667
0.8500000000000001,10.0,7.6000000000000005,42.89156666666668
0.8500000000000001,10.0,7.9,43.26926666666668
0.8500000000000001,10.0,8.200000000000001,43.646966666666685
0.8500000000000001,10.0,8.5,44.02466666666669
0.8500000000000001,10.0,8.8,44.40236666666669
0.8500000000000001,10.0,9.100000000000001,44.78006666666669
0.9,4.0,4.6,60.17976666666671
0.9,4.0,4.9,60.22306666666671
0.9,4.0,5.2,60.266366666666705
0.9,4.0,5.5,60.30966666666671
0.9,4.0,5.800000000000001,60.3529666666667
0.9,4.0,6.1000000000000005,60.3962666666667
0.9,4.0,6.4,60.43956666666669
0.9,4.0,6.7,60.48286666666669
0.9,4.0,7.0,60.52616666666669
0.9,4.0,7.300000000000001,60.569466666666685
0.9,4.0,7.6000000000000005,60.61276666666668
0.9,4.0,7.9,60.65606666666668
0.9,4.0,8.200000000000001,60.69936666666668
0.9,4.0,8.5,60.74266666666668
0.9,4.0,8.8,60.785966666666674
0.9,4.0,9.100000000000001,60.82926666666667
0.9,4.0,9.4,60.872566666666664
0.9,4.3,4.3,59.095966666666705
0.9,4.3,4.6,59.159516666666704
0.9,4.3,4.9,59.2230666666667
0.9,4.3,5.2,59.2866166666667
0.9,4.3,5.5,59.3501666666667
0.9,4.3,5.800000000000001,59.4137166666667
0.9,4.3,6.1000000000000005,59.47726666666669
0.9,4.3,6.4,59.540816666666686
0.9,4.3,6.7,59.604366666666685
0.9,4.3,7.0,59.667916666666684
0.9,4.3,7.300000000000001,59.731466666666684
0.9,4.3,7.6000000000000005,59.795016666666676
0.9,4.3,7.9,59.858566666666675
0.9,4.3,8.200000000000001,59.922116666666675
0.9,4.3,8.5,59.985666666666674
0.9,4.3,8.8,60.04921666666667
0.9,4.3,9.100000000000001,60.11276666666667
0.9,4.3,9.4,60.17631666666666
0.9,4.3,9.7,60.23986666666666
0.9,4.6,4.0,57.97166666666671
0.9,4.6,4.3,58.05546666666671
0.9,4.6,4.6,58.13926666666671
0.9,4.6,4.9,58.2230666666667
0.9,4.6,5.2,58.30686666666671
0.9,4.6,5.5,58.390666666666704
0.9,4.6,5.800000000000001,58.4744666666667
0.9,4.6,6.1000000000000005,58.55826666666669
0.9,4.6,6.4,58.64206666666669
0.9,4.6,6.7,58.72586666666669
0.9,4.6,7.0,58.809666666666686
0.9,4.6,7.300000000000001,58.89346666666668
0.9,4.6,7.6000000000000005,58.97726666666669
0.9,4.6,7.9,59.06106666666668
0.9,4.6,8.200000000000001,59.14486666666668
0.9,4.6,8.5,59.228666666666676
0.9,4.6,8.8,59.31246666666668
0.9,4.6,9.100000000000001,59.396266666666676
0.9,4.6,9.4,59.480066666666666
0.9,4.6,9.7,59.56386666666666
0.9,4.6,10.0,59.647666666666666
0.9,4.9,4.0,56.9109166666667
0.9,4.9,4.3,57.0149666666667
0.9,4.9,4.6,57.1190166666667
0.9,4.9,4.9,57.223066666666696
0.9,4.9,5.2,57.3271166666667
0.9,4.9,5.5,57.4311666666667
0.9,4.9,5.800000000000001,57.5352166666667
0.9,4.9,6.1000000000000005,57.63926666666669
0.9,4.9,6.4,57.743316666666686
0.9,4.9,6.7,57.84736666666669
0.9,4.9,7.0,57.95141666666668
0.9,4.9,7.300000000000001,58.05546666666668
0.9,4.9,7.6000000000000005,58.15951666666668
0.9,4.9,7.9,58.26356666666668
0.9,4.9,8.200000000000001,58.36761666666668
0.9,4.9,8.5,58.47166666666668
0.9,4.9,8.8,58.57571666666667
0.9,4.9,9.100000000000001,58.67976666666667
0.9,4.9,9.4,58.78381666666667
0.9,4.9,9.7,58.88786666666666
0.9,4.9,10.0,58.99191666666666
0.9,5.2,4.0,55.8501666666667
0.9,5.2,4.3,55.97446666666671
0.9,5.2,4.6,56.098766666666705
0.9,5.2,4.9,56.2230666666667
0.9,5.2,5.2,56.3473666666667
0.9,5.2,5.5,56.4716666666667
0.9,5.2,5.800000000000001,56.5959666666667
0.9,5.2,6.1000000000000005,56.720266666666696
0.9,5.2,6.4,56.84456666666669
0.9,5.2,6.7,56.968866666666685
0.9,5.2,7.0,57.09316666666669
0.9,5.2,7.300000000000001,57.21746666666669
0.9,5.2,7.6000000000000005,57.341766666666686
0.9,5.2,7.9,57.466066666666684
0.9,5.2,8.200000000000001,57.59036666666668
0.9,5.2,8.5,57.71466666666668
0.9,5.2,8.8,57.83896666666668
0.9,5.2,9.100000000000001,57.96326666666668
0.9,5.2,9.4,58.087566666666675
0.9,5.2,9.7,58.21186666666667
0.9,5.2,10.0,58.33616666666667
0.9,5.5,4.0,54.789416666666696
0.9,5.5,4.3,54.9339666666667
0.9,5.5,4.6,55.0785166666667
0.9,5.5,4.9,55.223066666666696
0.9,5.5,5.2,55.3676166666667
0.9,5.5,5.5,55.512166666666694
0.9,5.5,5.800000000000001,55.656716666666696
0.9,5.5,6.1000000000000005,55.801266666666685
0.9,5.5,6.4,55.94581666666669
0.9,5.5,6.7,56.09036666666668
0.9,5.5,7.0,56.234916666666685
0.9,5.5,7.300000000000001,56.37946666666668
0.9,5.5,7.6000000000000005,56.52401666666668
0.9,5.5,7.9,56.66856666666668
0.9,5.5,8.200000000000001,56.81311666666668
0.9,5.5,8.5,56.95766666666668
0.9,5.5,8.8,57.10221666666668
0.9,5.5,9.100000000000001,57.24676666666668
0.9,5.5,9.4,57.39131666666667
0.9,5.5,9.7,57.53586666666667
0.9,5.5,10.0,57.680416666666666
0.9,5.800000000000001,4.0,53.72866666666669
0.9,5.800000000000001,4.3,53.89346666666669
0.9,5.800000000000001,4.6,54.05826666666669
0.9,5.800000000000001,4.9,54.22306666666669
0.9,5.800000000000001,5.2,54.38786666666669
0.9,5.800000000000001,5.5,54.55266666666669
0.9,5.800000000000001,5.800000000000001,54.71746666666669
0.9,5.800000000000001,6.1000000000000005,54.88226666666669
0.9,5.800000000000001,6.4,55.04706666666668
0.9,5.800000000000001,6.7,55.21186666666668
0.9,5.800000000000001,7.0,55.37666666666668
0.9,5.800000000000001,7.300000000000001,55.54146666666668
0.9,5.800000000000001,7.6000000000000005,55.70626666666668
0.9,5.800000000000001,7.9,55.87106666666668
0.9,5.800000000000001,8.200000000000001,56.03586666666668
0.9,5.800000000000001,8.5,56.20066666666668
0.9,5.800000000000001,8.8,56.36546666666668
0.9,5.800000000000001,9.100000000000001,56.53026666666668
0.9,5.800000000000001,9.4,56.69506666666667
0.9,5.800000000000001,9.7,56.85986666666667
0.9,5.800000000000001,10.0,57.02466666666667
0.9,6.1000000000000005,4.0,52.66791666666669
0.9,6.1000000000000005,4.3,52.852966666666696
0.9,6.1000000000000005,4.6,53.03801666666669
0.9,6.1000000000000005,4.9,53.22306666666669
0.9,6.1000000000000005,5.2,53.40811666666669
0.9,6.1000000000000005,5.5,53.59316666666669
0.9,6.1000000000000005,5.800000000000001,53.778216666666694
0.9,6.1000000000000005,6.1000000000000005,53.96326666666669
0.9,6.1000000000000005,6.4,54.14831666666668
0.9,6.1000000000000005,6.7,54.333366666666684
0.9,6.1000000000000005,7.0,54.51841666666668
0.9,6.1000000000000005,7.300000000000001,54.703466666666685
0.9,6.1000000000000005,7.6000000000000005,54.88851666666668
0.9,6.1000000000000005,7.9,55.07356666666668
0.9,6.1000000000000005,8.200000000000001,55.25861666666668
0.9,6.1000000000000005,8.5,55.44366666666668
0.9,6.1000000000000005,8.8,55.62871666666668
0.9,6.1000000000000005,9.100000000000001,55.81376666666668
0.9,6.1000000000000005,9.4,55.99881666666667
0.9,6.1000000000000005,9.7,56.183866666666674
0.9,6.1000000000000005,10.0,56.36891666666667
0.9,6.4,4.0,51.607166666666686
0.9,6.4,4.3,51.81246666666669
0.9,6.4,4.6,52.01776666666669
0.9,6.4,4.9,52.22306666666669
0.9,6.4,5.2,52.42836666666669
0.9,6.4,5.5,52.633666666666684
0.9,6.4,5.800000000000001,52.838966666666686
0.9,6.4,6.1000000000000005,53.04426666666668
0.9,6.4,6.4,53.24956666666668
0.9,6.4,6.7,53.45486666666668
0.9,6.4,7.0,53.66016666666668
0.9,6.4,7.300000000000001,53.86546666666668
0.9,6.4,7.6000000000000005,54.07076666666668
0.9,6.4,7.9,54.27606666666668
0.9,6.4,8.200000000000001,54.48136666666668
0.9,6.4,8.5,54.68666666666668
0.9,6.4,8.8,54.891966666666676
0.9,6.4,9.100000000000001,55.09726666666668
0.9,6.4,9.4,55.30256666666667
0.9,6.4,9.7,55.50786666666667
0.9,6.4,10.0,55.71316666666667
0.9,6.7,4.0,50.54641666666669
0.9,6.7,4.3,50.771966666666685
0.9,6.7,4.6,50.99751666666669
0.9,6.7,4.9,51.22306666666669
0.9,6.7,5.2,51.44861666666669
0.9,6.7,5.5,51.674166666666686
0.9,6.7,5.800000000000001,51.89971666666669
0.9,6.7,6.1000000000000005,52.12526666666668
0.9,6.7,6.4,52.35081666666668
0.9,6.7,6.7,52.57636666666668
0.9,6.7,7.0,52.801916666666685
0.9,6.7,7.300000000000001,53.02746666666668
0.9,6.7,7.6000000000000005,53.25301666666668
0.9,6.7,7.9,53.47856666666669
0.9,6.7,8.200000000000001,53.704116666666685
0.9,6.7,8.5,53.929666666666684
0.9,6.7,8.8,54.15521666666668
0.9,6.7,9.100000000000001,54.38076666666669
0.9,6.7,9.4,54.60631666666668
0.9,6.7,9.7,54.83186666666668
0.9,6.7,10.0,55.057416666666676
0.9,7.0,4.0,49.48566666666668
0.9,7.0,4.3,49.731466666666684
0.9,7.0,4.6,49.97726666666669
0.9,7.0,4.9,50.22306666666668
0.9,7.0,5.2,50.468866666666685
0.9,7.0,5.5,50.71466666666669
0.9,7.0,5.800000000000001,50.96046666666668
0.9,7.0,6.1000000000000005,51.206266666666686
0.9,7.0,6.4,51.45206666666668
0.9,7.0,6.7,51.69786666666668
0.9,7.0,7.0,51.94366666666668
0.9,7.0,7.300000000000001,52.18946666666668
0.9,7.0,7.6000000000000005,52.43526666666668
0.9,7.0,7.9,52.68106666666668
0.9,7.0,8.200000000000001,52.92686666666668
0.9,7.0,8.5,53.17266666666668
0.9,7.0,8.8,53.41846666666668
0.9,7.0,9.100000000000001,53.664266666666684
0.9,7.0,9.4,53.91006666666667
0.9,7.0,9.7,54.155866666666675
0.9,7.0,10.0,54.40166666666668
0.9,7.300000000000001,4.0,48.424916666666675
0.9,7.300000000000001,4.3,48.690966666666675
0.9,7.300000000000001,4.6,48.957016666666675
0.9,7.300000000000001,4.9,49.223066666666675
0.9,7.300000000000001,5.2,49.48911666666668
0.9,7.300000000000001,5.5,49.75516666666668
0.9,7.300000000000001,5.800000000000001,50.02121666666668
0.9,7.300000000000001,6.1000000000000005,50.287266666666675
0.9,7.300000000000001,6.4,50.553316666666674
0.9,7.300000000000001,6.7,50.819366666666674
0.9,7.300000000000001,7.0,51.085416666666674
0.9,7.300000000000001,7.300000000000001,51.351466666666674
0.9,7.300000000000001,7.6000000000000005,51.617516666666674
0.9,7.300000000000001,7.9,51.88356666666668
0.9,7.300000000000001,8.200000000000001,52.14961666666668
0.9,7.300000000000001,8.5,52.41566666666668
0.9,7.300000000000001,8.8,52.68171666666668
0.9,7.300000000000001,9.100000000000001,52.94776666666668
0.9,7.300000000000001,9.4,53.21381666666667
0.9,7.300000000000001,9.7,53.47986666666667
0.9,7.300000000000001,10.0,53.74591666666667
0.9,7.6000000000000005,4.0,47.36416666666668
0.9,7.6000000000000005,4.3,47.65046666666668
0.9,7.6000000000000005,4.6,47.93676666666668
0.9,7.6000000000000005,4.9,48.22306666666668
0.9,7.6000000000000005,5.2,48.50936666666668
0.9,7.6000000000000005,5.5,48.79566666666668
0.9,7.6000000000000005,5.800000000000001,49.08196666666668
0.9,7.6000000000000005,6.1000000000000005,49.36826666666668
0.9,7.6000000000000005,6.4,49.654566666666675
0.9,7.6000000000000005,6.7,49.94086666666668
0.9,7.6000000000000005,7.0,50.227166666666676
0.9,7.6000000000000005,7.300000000000001,50.51346666666668
0.9,7.6000000000000005,7.6000000000000005,50.799766666666685
0.9,7.6000000000000005,7.9,51.08606666666668
0.9,7.6000000000000005,8.200000000000001,51.372366666666686
0.9,7.6000000000000005,8.5,51.65866666666668
0.9,7.6000000000000005,8.8,51.94496666666669
0.9,7.6000000000000005,9.100000000000001,52.231266666666684
0.9,7.6000000000000005,9.4,52.51756666666668
0.9,7.6000000000000005,9.7,52.80386666666668
0.9,7.6000000000000005,10.0,53.09016666666668
0.9,7.9,4.0,46.30341666666667
0.9,7.9,4.3,46.60996666666667
0.9,7.9,4.6,46.91651666666667
0.9,7.9,4.9,47.223066666666675
0.9,7.9,5.2,47.529616666666676
0.9,7.9,5.5,47.83616666666668
0.9,7.9,5.800000000000001,48.14271666666668
0.9,7.9,6.1000000000000005,48.44926666666668
0.9,7.9,6.4,48.755816666666675
0.9,7.9,6.7,49.06236666666668
0.9,7.9,7.0,49.36891666666668
0.9,7.9,7.300000000000001,49.67546666666668
0.9,7.9,7.6000000000000005,49.98201666666668
0.9,7.9,7.9,50.28856666666668
0.9,7.9,8.200000000000001,50.595116666666684
0.9,7.9,8.5,50.901666666666685
0.9,7.9,8.8,51.20821666666669
0.9,7.9,9.100000000000001,51.51476666666668
0.9,7.9,9.4,51.821316666666675
0.9,7.9,9.7,52.12786666666668
0.9,7.9,10.0,52.43441666666668
0.9,8.200000000000001,4.0,45.242666666666665
0.9,8.200000000000001,4.3,45.56946666666666
0.9,8.200000000000001,4.6,45.89626666666667
0.9,8.200000000000001,4.9,46.22306666666667
0.9,8.200000000000001,5.2,46.549866666666674
0.9,8.200000000000001,5.5,46.87666666666667
0.9,8.200000000000001,5.800000000000001,47.20346666666667
0.9,8.200000000000001,6.1000000000000005,47.53026666666667
0.9,8.200000000000001,6.4,47.85706666666667
0.9,8.200000000000001,6.7,48.183866666666674
0.9,8.200000000000001,7.0,48.51066666666667
0.9,8.200000000000001,7.300000000000001,48.83746666666667
0.9,8.200000000000001,7.6000000000000005,49.16426666666668
0.9,8.200000000000001,7.9,49.491066666666676
0.9,8.200000000000001,8.200000000000001,49.817866666666674
0.9,8.200000000000001,8.5,50.14466666666668
0.9,8.200000000000001,8.8,50.47146666666668
0.9,8.200000000000001,9.100000000000001,50.798266666666684
0.9,8.200000000000001,9.4,51.125066666666676
0.9,8.200000000000001,9.7,51.45186666666668
0.9,8.200000000000001,10.0,51.77866666666668
0.9,8.5,4.0,44.181916666666666
0.9,8.5,4.3,44.52896666666667
0.9,8.5,4.6,44.87601666666667
0.9,8.5,4.9,45.22306666666667
0.9,8.5,5.2,45.57011666666667
0.9,8.5,5.5,45.917166666666674
0.9,8.5,5.800000000000001,46.26421666666668
0.9,8.5,6.1000000000000005,46.61126666666667
0.9,8.5,6.4,46.958316666666676
0.9,8.5,6.7,47.30536666666667
0.9,8.5,7.0,47.652416666666674
0.9,8.5,7.300000000000001,47.99946666666668
0.9,8.5,7.6000000000000005,48.34651666666668
0.9,8.5,7.9,48.69356666666668
0.9,8.5,8.200000000000001,49.04061666666668
0.9,8.5,8.5,49.38766666666668
0.9,8.5,8.8,49.734716666666685
0.9,8.5,9.100000000000001,50.08176666666669
0.9,8.5,9.4,50.428816666666684
0.9,8.5,9.7,50.77586666666669
0.9,8.5,10.0,51.12291666666668
0.9,8.8,4.0,43.12116666666666
0.9,8.8,4.3,43.48846666666666
0.9,8.8,4.6,43.85576666666666
0.9,8.8,4.9,44.22306666666667
0.9,8.8,5.2,44.59036666666667
0.9,8.8,5.5,44.95766666666667
0.9,8.8,5.800000000000001,45.32496666666667
0.9,8.8,6.1000000000000005,45.692266666666676
0.9,8.8,6.4,46.05956666666667
0.9,8.8,6.7,46.42686666666667
0.9,8.8,7.0,46.79416666666667
0.9,8.8,7.300000000000001,47.161466666666676
0.9,8.8,7.6000000000000005,47.52876666666668
0.9,8.8,7.9,47.89606666666668
0.9,8.8,8.200000000000001,48.26336666666668
0.9,8.8,8.5,48.630666666666684
0.9,8.8,8.8,48.997966666666684
0.9,8.8,9.100000000000001,49.365266666666685
0.9,8.8,9.4,49.73256666666668
0.9,8.8,9.7,50.099866666666685
0.9,8.8,10.0,50.467166666666685
0.9,9.100000000000001,4.0,42.06041666666666
0.9,9.100000000000001,4.3,42.44796666666666
0.9,9.100000000000001,4.6,42.83551666666666
0.9,9.100000000000001,4.9,43.22306666666667
0.9,9.100000000000001,5.2,43.61061666666667
0.9,9.100000000000001,5.5,43.99816666666667
0.9,9.100000000000001,5.800000000000001,44.385716666666674
0.9,9.100000000000001,6.1000000000000005,44.77326666666668
0.9,9.100000000000001,6.4,45.16081666666667
0.9,9.100000000000001,6.7,45.54836666666667
0.9,9.100000000000001,7.0,45.93591666666668
0.9,9.100000000000001,7.300000000000001,46.323466666666675
0.9,9.100000000000001,7.6000000000000005,46.71101666666668
0.9,9.100000000000001,7.9,47.098566666666684
0.9,9.100000000000001,8.200000000000001,47.48611666666668
0.9,9.100000000000001,8.5,47.873666666666686
0.9,9.100000000000001,8.8,48.26121666666669
0.9,9.100000000000001,9.100000000000001,48.64876666666669
0.9,9.100000000000001,9.4,49.036316666666686
0.9,9.100000000000001,9.7,49.42386666666669
0.9,9.100000000000001,10.0,49.811416666666695
0.9,9.4,4.0,40.999666666666656
0.9,9.4,4.3,41.40746666666666
0.9,9.4,4.6,41.81526666666666
0.9,9.4,4.9,42.22306666666666
0.9,9.4,5.2,42.63086666666666
0.9,9.4,5.5,43.038666666666664
0.9,9.4,5.800000000000001,43.446466666666666
0.9,9.4,6.1000000000000005,43.85426666666667
0.9,9.4,6.4,44.26206666666667
0.9,9.4,6.7,44.66986666666667
0.9,9.4,7.0,45.07766666666667
0.9,9.4,7.300000000000001,45.485466666666674
0.9,9.4,7.6000000000000005,45.893266666666676
0.9,9.4,7.9,46.30106666666668
0.9,9.4,8.200000000000001,46.70886666666668
0.9,9.4,8.5,47.11666666666668
0.9,9.4,8.8,47.52446666666669
0.9,9.4,9.100000000000001,47.93226666666669
0.9,9.4,9.4,48.34006666666669
0.9,9.4,9.7,48.74786666666669
0.9,9.4,10.0,49.15566666666669
0.9,9.7,4.3,40.366966666666656
0.9,9.7,4.6,40.79501666666666
0.9,9.7,4.9,41.22306666666666
0.9,9.7,5.2,41.65111666666667
0.9,9.7,5.5,42.079166666666666
0.9,9.7,5.800000000000001,42.50721666666667
0.9,9.7,6.1000000000000005,42.935266666666664
0.9,9.7,6.4,43.36331666666667
0.9,9.7,6.7,43.791366666666676
0.9,9.7,7.0,44.219416666666675
0.9,9.7,7.300000000000001,44.64746666666668
0.9,9.7,7.6000000000000005,45.07551666666668
0.9,9.7,7.9,45.503566666666686
0.9,9.7,8.200000000000001,45.931616666666685
0.9,9.7,8.5,46.35966666666669
0.9,9.7,8.8,46.78771666666669
0.9,9.7,9.100000000000001,47.215766666666696
0.9,9.7,9.4,47.64381666666669
0.9,9.7,9.7,48.07186666666669
0.9,10.0,4.6,39.77476666666666
0.9,10.0,4.9,40.22306666666666
0.9,10.0,5.2,40.671366666666664
0.9,10.0,5.5,41.11966666666667
0.9,10.0,5.800000000000001,41.56796666666667
0.9,10.0,6.1000000000000005,42.01626666666667
0.9,10.0,6.4,42.46456666666666
0.9,10.0,6.7,42.912866666666666
0.9,10.0,7.0,43.36116666666667
0.9,10.0,7.300000000000001,43.80946666666667
0.9,10.0,7.6000000000000005,44.257766666666676
0.9,10.0,7.9,44.70606666666668
0.9,10.0,8.200000000000001,45.15436666666668
0.9,10.0,8.5,45.602666666666686
0.9,10.0,8.8,46.05096666666669
0.9,10.0,9.100000000000001,46.49926666666669
0.9,10.0,9.4,46.94756666666669
0.95,4.0,4.3,59.681066666666716
0.95,4.0,4.6,59.79496666666671
0.95,4.0,4.9,59.90886666666671
0.95,4.0,5.2,60.022766666666705
0.95,4.0,5.5,60.136666666666706
0.95,4.0,5.800000000000001,60.25056666666671
0.95,4.0,6.1000000000000005,60.364466666666694
0.95,4.0,6.4,60.478366666666695
0.95,4.0,6.7,60.59226666666669
0.95,4.0,7.0,60.70616666666669
0.95,4.0,7.300000000000001,60.82006666666668
0.95,4.0,7.6000000000000005,60.933966666666684
0.95,4.0,7.9,61.04786666666668
0.95,4.0,8.200000000000001,61.16176666666668
0.95,4.0,8.5,61.27566666666668
0.95,4.0,8.8,61.38956666666667
0.95,4.0,9.100000000000001,61.50346666666667
0.95,4.0,9.4,61.61736666666666
0.95,4.0,9.7,61.73126666666666
0.95,4.3,4.0,58.55866666666671
0.95,4.3,4.3,58.69281666666671
0.95,4.3,4.6,58.826966666666706
0.95,4.3,4.9,58.961116666666705
0.95,4.3,5.2,59.0952666666667
0.95,4.3,5.5,59.2294166666667
0.95,4.3,5.800000000000001,59.36356666666669
0.95,4.3,6.1000000000000005,59.49771666666669
0.95,4.3,6.4,59.63186666666669
0.95,4.3,6.7,59.76601666666669
0.95,4.3,7.0,59.900166666666685
0.95,4.3,7.300000000000001,60.03431666666668
0.95,4.3,7.6000000000000005,60.16846666666668
0.95,4.3,7.9,60.30261666666668
0.95,4.3,8.200000000000001,60.43676666666668
0.95,4.3,8.5,60.570916666666676
0.95,4.3,8.8,60.705066666666674
0.95,4.3,9.100000000000001,60.839216666666665
0.95,4.3,9.4,60.973366666666664
0.95,4.3,9.7,61.10751666666666
0.95,4.3,10.0,61.24166666666666
0.95,4.6,4.0,57.55016666666671
0.95,4.6,4.3,57.70456666666671
0.95,4.6,4.6,57.85896666666671
0.95,4.6,4.9,58.013366666666705
0.95,4.6,5.2,58.16776666666671
0.95,4.6,5.5,58.3221666666667
0.95,4.6,5.800000000000001,58.47656666666669
0.95,4.6,6.1000000000000005,58.630966666666694
0.95,4.6,6.4,58.78536666666669
0.95,4.6,6.7,58.93976666666669
0.95,4.6,7.0,59.09416666666669
0.95,4.6,7.300000000000001,59.24856666666668
0.95,4.6,7.6000000000000005,59.402966666666686
0.95,4.6,7.9,59.55736666666668
0.95,4.6,8.200000000000001,59.71176666666668
0.95,4.6,8.5,59.86616666666668
0.95,4.6,8.8,60.02056666666668
0.95,4.6,9.100000000000001,60.17496666666667
0.95,4.6,9.4,60.329366666666665
0.95,4.6,9.7,60.48376666666667
0.95,4.6,10.0,60.63816666666666
0.95,4.9,4.0,56.54166666666671
0.95,4.9,4.3,56.71631666666671
0.95,4.9,4.6,56.8909666666667
0.95,4.9,4.9,57.0656166666667
0.95,4.9,5.2,57.2402666666667
0.95,4.9,5.5,57.4149166666667
0.95,4.9,5.800000000000001,57.5895666666667
0.95,4.9,6.1000000000000005,57.76421666666669
0.95,4.9,6.4,57.938866666666684
0.95,4.9,6.7,58.11351666666668
0.95,4.9,7.0,58.28816666666668
0.95,4.9,7.300000000000001,58.46281666666668
0.95,4.9,7.6000000000000005,58.63746666666668
0.95,4.9,7.9,58.81211666666668
0.95,4.9,8.200000000000001,58.98676666666668
0.95,4.9,8.5,59.161416666666675
0.95,4.9,8.8,59.33606666666667
0.95,4.9,9.100000000000001,59.51071666666667
0.95,4.9,9.4,59.68536666666667
0.95,4.9,9.7,59.86001666666667
0.95,4.9,10.0,60.034666666666666
0.95,5.2,4.0,55.53316666666671
0.95,5.2,4.3,55.728066666666706
0.95,5.2,4.6,55.9229666666667
0.95,5.2,4.9,56.1178666666667
0.95,5.2,5.2,56.312766666666704
0.95,5.2,5.5,56.5076666666667
0.95,5.2,5.800000000000001,56.7025666666667
0.95,5.2,6.1000000000000005,56.89746666666669
0.95,5.2,6.4,57.09236666666669
0.95,5.2,6.7,57.28726666666669
0.95,5.2,7.0,57.482166666666686
0.95,5.2,7.300000000000001,57.67706666666669
0.95,5.2,7.6000000000000005,57.87196666666669
0.95,5.2,7.9,58.066866666666684
0.95,5.2,8.200000000000001,58.26176666666668
0.95,5.2,8.5,58.456666666666685
0.95,5.2,8.8,58.651566666666675
0.95,5.2,9.100000000000001,58.84646666666667
0.95,5.2,9.4,59.04136666666667
0.95,5.2,9.7,59.23626666666667
0.95,5.2,10.0,59.43116666666667
0.95,5.5,4.0,54.5246666666667
0.95,5.5,4.3,54.7398166666667
0.95,5.5,4.6,54.9549666666667
0.95,5.5,4.9,55.170116666666694
0.95,5.5,5.2,55.385266666666695
0.95,5.5,5.5,55.600416666666696
0.95,5.5,5.800000000000001,55.81556666666669
0.95,5.5,6.1000000000000005,56.030716666666684
0.95,5.5,6.4,56.245866666666686
0.95,5.5,6.7,56.46101666666669
0.95,5.5,7.0,56.67616666666668
0.95,5.5,7.300000000000001,56.89131666666668
0.95,5.5,7.6000000000000005,57.106466666666684
0.95,5.5,7.9,57.32161666666668
0.95,5.5,8.200000000000001,57.53676666666668
0.95,5.5,8.5,57.75191666666668
0.95,5.5,8.8,57.96706666666668
0.95,5.5,9.100000000000001,58.18221666666667
0.95,5.5,9.4,58.39736666666667
0.95,5.5,9.7,58.61251666666667
0.95,5.5,10.0,58.827666666666666
0.95,5.800000000000001,4.0,53.51616666666669
0.95,5.800000000000001,4.3,53.75156666666669
0.95,5.800000000000001,4.6,53.98696666666669
0.95,5.800000000000001,4.9,54.222366666666694
0.95,5.800000000000001,5.2,54.45776666666669
0.95,5.800000000000001,5.5,54.69316666666669
0.95,5.800000000000001,5.800000000000001,54.92856666666669
0.95,5.800000000000001,6.1000000000000005,55.16396666666668
0.95,5.800000000000001,6.4,55.39936666666668
0.95,5.800000000000001,6.7,55.63476666666668
0.95,5.800000000000001,7.0,55.870166666666684
0.95,5.800000000000001,7.300000000000001,56.10556666666668
0.95,5.800000000000001,7.6000000000000005,56.34096666666668
0.95,5.800000000000001,7.9,56.57636666666668
0.95,5.800000000000001,8.200000000000001,56.81176666666668
0.95,5.800000000000001,8.5,57.047166666666676
0.95,5.800000000000001,8.8,57.28256666666667
0.95,5.800000000000001,9.100000000000001,57.517966666666666
0.95,5.800000000000001,9.4,57.75336666666667
0.95,5.800000000000001,9.7,57.98876666666667
0.95,5.800000000000001,10.0,58.22416666666667
0.95,6.1000000000000005,4.0,52.507666666666694
0.95,6.1000000000000005,4.3,52.7633166666667
0.95,6.1000000000000005,4.6,53.01896666666669
0.95,6.1000000000000005,4.9,53.274616666666695
0.95,6.1000000000000005,5.2,53.53026666666669
0.95,6.1000000000000005,5.5,53.785916666666694
0.95,6.1000000000000005,5.800000000000001,54.04156666666669
0.95,6.1000000000000005,6.1000000000000005,54.297216666666685
0.95,6.1000000000000005,6.4,54.55286666666669
0.95,6.1000000000000005,6.7,54.808516666666684
0.95,6.1000000000000005,7.0,55.06416666666669
0.95,6.1000000000000005,7.300000000000001,55.31981666666668
0.95,6.1000000000000005,7.6000000000000005,55.575466666666685
0.95,6.1000000000000005,7.9,55.83111666666668
0.95,6.1000000000000005,8.200000000000001,56.08676666666668
0.95,6.1000000000000005,8.5,56.34241666666668
0.95,6.1000000000000005,8.8,56.598066666666675
0.95,6.1000000000000005,9.100000000000001,56.85371666666668
0.95,6.1000000000000005,9.4,57.10936666666667
0.95,6.1000000000000005,9.7,57.365016666666676
0.95,6.1000000000000005,10.0,57.62066666666667
0.95,6.4,4.0,51.49916666666669
0.95,6.4,4.3,51.77506666666669
0.95,6.4,4.6,52.05096666666669
0.95,6.4,4.9,52.32686666666669
0.95,6.4,5.2,52.60276666666669
0.95,6.4,5.5,52.87866666666669
0.95,6.4,5.800000000000001,53.15456666666668
0.95,6.4,6.1000000000000005,53.43046666666668
0.95,6.4,6.4,53.70636666666668
0.95,6.4,6.7,53.98226666666668
0.95,6.4,7.0,54.25816666666668
0.95,6.4,7.300000000000001,54.53406666666668
0.95,6.4,7.6000000000000005,54.80996666666668
0.95,6.4,7.9,55.08586666666668
0.95,6.4,8.200000000000001,55.36176666666668
0.95,6.4,8.5,55.63766666666668
0.95,6.4,8.8,55.91356666666668
0.95,6.4,9.100000000000001,56.189466666666675
0.95,6.4,9.4,56.465366666666675
0.95,6.4,9.7,56.741266666666675
0.95,6.4,10.0,57.017166666666675
0.95,6.7,4.0,50.49066666666669
0.95,6.7,4.3,50.78681666666669
0.95,6.7,4.6,51.08296666666669
0.95,6.7,4.9,51.37911666666669
0.95,6.7,5.2,51.67526666666669
0.95,6.7,5.5,51.97141666666669
0.95,6.7,5.800000000000001,52.26756666666668
0.95,6.7,6.1000000000000005,52.563716666666686
0.95,6.7,6.4,52.85986666666668
0.95,6.7,6.7,53.15601666666668
0.95,6.7,7.0,53.452166666666685
0.95,6.7,7.300000000000001,53.74831666666668
0.95,6.7,7.6000000000000005,54.044466666666686
0.95,6.7,7.9,54.34061666666668
0.95,6.7,8.200000000000001,54.63676666666669
0.95,6.7,8.5,54.932916666666685
0.95,6.7,8.8,55.22906666666668
0.95,6.7,9.100000000000001,55.52521666666668
0.95,6.7,9.4,55.82136666666668
0.95,6.7,9.7,56.11751666666668
0.95,6.7,10.0,56.41366666666668
0.95,7.0,4.0,49.482166666666686
0.95,7.0,4.3,49.79856666666668
0.95,7.0,4.6,50.11496666666668
0.95,7.0,4.9,50.43136666666668
0.95,7.0,5.2,50.747766666666685
0.95,7.0,5.5,51.06416666666669
0.95,7.0,5.800000000000001,51.38056666666669
0.95,7.0,6.1000000000000005,51.696966666666675
0.95,7.0,6.4,52.01336666666668
0.95,7.0,6.7,52.32976666666668
0.95,7.0,7.0,52.64616666666668
0.95,7.0,7.300000000000001,52.96256666666668
0.95,7.0,7.6000000000000005,53.27896666666668
0.95,7.0,7.9,53.595366666666685
0.95,7.0,8.200000000000001,53.91176666666668
0.95,7.0,8.5,54.22816666666668
0.95,7.0,8.8,54.544566666666675
0.95,7.0,9.100000000000001,54.86096666666668
0.95,7.0,9.4,55.17736666666668
0.95,7.0,9.7,55.49376666666668
0.95,7.0,10.0,55.810166666666674
0.95,7.300000000000001,4.0,48.473666666666674
0.95,7.300000000000001,4.3,48.81031666666668
0.95,7.300000000000001,4.6,49.14696666666668
0.95,7.300000000000001,4.9,49.48361666666668
0.95,7.300000000000001,5.2,49.820266666666676
0.95,7.300000000000001,5.5,50.15691666666668
0.95,7.300000000000001,5.800000000000001,50.49356666666667
0.95,7.300000000000001,6.1000000000000005,50.83021666666667
0.95,7.300000000000001,6.4,51.16686666666668
0.95,7.300000000000001,6.7,51.50351666666668
0.95,7.300000000000001,7.0,51.840166666666676
0.95,7.300000000000001,7.300000000000001,52.176816666666674
0.95,7.300000000000001,7.6000000000000005,52.51346666666668
0.95,7.300000000000001,7.9,52.85011666666668
0.95,7.300000000000001,8.200000000000001,53.18676666666668
0.95,7.300000000000001,8.5,53.52341666666668
0.95,7.300000000000001,8.8,53.86006666666668
0.95,7.300000000000001,9.100000000000001,54.196716666666674
0.95,7.300000000000001,9.4,54.53336666666667
0.95,7.300000000000001,9.7,54.87001666666668
0.95,7.300000000000001,10.0,55.20666666666668
0.95,7.6000000000000005,4.0,47.465166666666676
0.95,7.6000000000000005,4.3,47.82206666666668
0.95,7.6000000000000005,4.6,48.17896666666668
0.95,7.6000000000000005,4.9,48.53586666666668
0.95,7.6000000000000005,5.2,48.89276666666668
0.95,7.6000000000000005,5.5,49.249666666666684
0.95,7.6000000000000005,5.800000000000001,49.60656666666667
0.95,7.6000000000000005,6.1000000000000005,49.963466666666676
0.95,7.6000000000000005,6.4,50.32036666666668
0.95,7.6000000000000005,6.7,50.67726666666668
0.95,7.6000000000000005,7.0,51.03416666666668
0.95,7.6000000000000005,7.300000000000001,51.39106666666668
0.95,7.6000000000000005,7.6000000000000005,51.747966666666684
0.95,7.6000000000000005,7.9,52.10486666666668
0.95,7.6000000000000005,8.200000000000001,52.46176666666668
0.95,7.6000000000000005,8.5,52.81866666666669
0.95,7.6000000000000005,8.8,53.17556666666668
0.95,7.6000000000000005,9.100000000000001,53.53246666666668
0.95,7.6000000000000005,9.4,53.88936666666668
0.95,7.6000000000000005,9.7,54.246266666666685
0.95,7.6000000000000005,10.0,54.60316666666668
0.95,7.9,4.0,46.45666666666667
0.95,7.9,4.3,46.83381666666667
0.95,7.9,4.6,47.21096666666667
0.95,7.9,4.9,47.58811666666667
0.95,7.9,5.2,47.96526666666668
0.95,7.9,5.5,48.34241666666668
0.95,7.9,5.800000000000001,48.71956666666668
0.95,7.9,6.1000000000000005,49.09671666666667
0.95,7.9,6.4,49.47386666666667
0.95,7.9,6.7,49.85101666666667
0.95,7.9,7.0,50.228166666666674
0.95,7.9,7.300000000000001,50.605316666666674
0.95,7.9,7.6000000000000005,50.98246666666668
0.95,7.9,7.9,51.35961666666668
0.95,7.9,8.200000000000001,51.73676666666668
0.95,7.9,8.5,52.11391666666668
0.95,7.9,8.8,52.491066666666676
0.95,7.9,9.100000000000001,52.868216666666676
0.95,7.9,9.4,53.245366666666676
0.95,7.9,9.7,53.622516666666684
0.95,7.9,10.0,53.999666666666684
0.95,8.200000000000001,4.0,45.448166666666665
0.95,8.200000000000001,4.3,45.84556666666666
0.95,8.200000000000001,4.6,46.24296666666667
0.95,8.200000000000001,4.9,46.64036666666667
0.95,8.200000000000001,5.2,47.03776666666667
0.95,8.200000000000001,5.5,47.435166666666674
0.95,8.200000000000001,5.800000000000001,47.832566666666665
0.95,8.200000000000001,6.1000000000000005,48.22996666666667
0.95,8.200000000000001,6.4,48.62736666666667
0.95,8.200000000000001,6.7,49.02476666666667
0.95,8.200000000000001,7.0,49.42216666666667
0.95,8.200000000000001,7.300000000000001,49.819566666666674
0.95,8.200000000000001,7.6000000000000005,50.21696666666668
0.95,8.200000000000001,7.9,50.614366666666676
0.95,8.200000000000001,8.200000000000001,51.01176666666668
0.95,8.200000000000001,8.5,51.40916666666668
0.95,8.200000000000001,8.8,51.80656666666668
0.95,8.200000000000001,9.100000000000001,52.20396666666667
0.95,8.200000000000001,9.4,52.60136666666668
0.95,8.200000000000001,9.7,52.998766666666675
0.95,8.200000000000001,10.0,53.39616666666668
0.95,8.5,4.0,44.43966666666667
0.95,8.5,4.3,44.85731666666667
0.95,8.5,4.6,45.27496666666667
0.95,8.5,4.9,45.69261666666667
0.95,8.5,5.2,46.110266666666675
0.95,8.5,5.5,46.52791666666668
0.95,8.5,5.800000000000001,46.94556666666667
0.95,8.5,6.1000000000000005,47.36321666666667
0.95,8.5,6.4,47.780866666666675
0.95,8.5,6.7,48.19851666666668
0.95,8.5,7.0,48.61616666666668
0.95,8.5,7.300000000000001,49.03381666666668
0.95,8.5,7.6000000000000005,49.45146666666668
0.95,8.5,7.9,49.869116666666685
0.95,8.5,8.200000000000001,50.286766666666686
0.95,8.5,8.5,50.70441666666669
0.95,8.5,8.8,51.12206666666668
0.95,8.5,9.100000000000001,51.53971666666668
0.95,8.5,9.4,51.95736666666668
0.95,8.5,9.7,52.37501666666668
0.95,8.5,10.0,52.79266666666668
0.95,8.8,4.0,43.43116666666666
0.95,8.8,4.3,43.86906666666666
0.95,8.8,4.6,44.30696666666666
0.95,8.8,4.9,44.74486666666667
0.95,8.8,5.2,45.182766666666666
0.95,8.8,5.5,45.62066666666667
0.95,8.8,5.800000000000001,46.05856666666667
0.95,8.8,6.1000000000000005,46.49646666666666
0.95,8.8,6.4,46.93436666666667
0.95,8.8,6.7,47.37226666666667
0.95,8.8,7.0,47.810166666666674
0.95,8.8,7.300000000000001,48.24806666666667
0.95,8.8,7.6000000000000005,48.68596666666668
0.95,8.8,7.9,49.12386666666668
0.95,8.8,8.200000000000001,49.56176666666668
0.95,8.8,8.5,49.999666666666684
0.95,8.8,8.8,50.437566666666676
0.95,8.8,9.100000000000001,50.87546666666668
0.95,8.8,9.4,51.31336666666668
0.95,8.8,9.7,51.75126666666668
0.95,8.8,10.0,52.18916666666669
0.95,9.100000000000001,4.0,42.42266666666666
0.95,9.100000000000001,4.3,42.88081666666666
0.95,9.100000000000001,4.6,43.338966666666664
0.95,9.100000000000001,4.9,43.79711666666667
0.95,9.100000000000001,5.2,44.25526666666667
0.95,9.100000000000001,5.5,44.713416666666674
0.95,9.100000000000001,5.800000000000001,45.17156666666667
0.95,9.100000000000001,6.1000000000000005,45.62971666666667
0.95,9.100000000000001,6.4,46.08786666666667
0.95,9.100000000000001,6.7,46.546016666666674
0.95,9.100000000000001,7.0,47.00416666666668
0.95,9.100000000000001,7.300000000000001,47.46231666666668
0.95,9.100000000000001,7.6000000000000005,47.920466666666684
0.95,9.100000000000001,7.9,48.37861666666668
0.95,9.100000000000001,8.200000000000001,48.83676666666668
0.95,9.100000000000001,8.5,49.29491666666669
0.95,9.100000000000001,8.8,49.75306666666668
0.95,9.100000000000001,9.100000000000001,50.21121666666669
0.95,9.100000000000001,9.4,50.66936666666669
0.95,9.100000000000001,9.7,51.127516666666686
0.95,9.100000000000001,10.0,51.58566666666669
0.95,9.4,4.0,41.41416666666665
0.95,9.4,4.3,41.89256666666666
0.95,9.4,4.6,42.37096666666666
0.95,9.4,4.9,42.84936666666666
0.95,9.4,5.2,43.32776666666666
0.95,9.4,5.5,43.80616666666667
0.95,9.4,5.800000000000001,44.28456666666666
0.95,9.4,6.1000000000000005,44.762966666666664
0.95,9.4,6.4,45.241366666666664
0.95,9.4,6.7,45.71976666666667
0.95,9.4,7.0,46.19816666666667
0.95,9.4,7.300000000000001,46.67656666666667
0.95,9.4,7.6000000000000005,47.15496666666668
0.95,9.4,7.9,47.63336666666668
0.95,9.4,8.200000000000001,48.11176666666668
0.95,9.4,8.5,48.59016666666668
0.95,9.4,8.8,49.06856666666669
0.95,9.4,9.100000000000001,49.546966666666684
0.95,9.4,9.4,50.025366666666685
0.95,9.4,9.7,50.503766666666685
0.95,9.4,10.0,50.98216666666669
0.95,9.7,4.0,40.405666666666654
0.95,9.7,4.3,40.90431666666666
0.95,9.7,4.6,41.40296666666666
0.95,9.7,4.9,41.90161666666666
0.95,9.7,5.2,42.40026666666667
0.95,9.7,5.5,42.89891666666667
0.95,9.7,5.800000000000001,43.39756666666666
0.95,9.7,6.1000000000000005,43.89621666666667
0.95,9.7,6.4,44.39486666666667
0.95,9.7,6.7,44.89351666666667
0.95,9.7,7.0,45.392166666666675
0.95,9.7,7.300000000000001,45.89081666666668
0.95,9.7,7.6000000000000005,46.38946666666668
0.95,9.7,7.9,46.88811666666668
0.95,9.7,8.200000000000001,47.38676666666669
0.95,9.7,8.5,47.88541666666669
0.95,9.7,8.8,48.38406666666669
0.95,9.7,9.100000000000001,48.88271666666669
0.95,9.7,9.4,49.38136666666669
0.95,9.7,9.7,49.88001666666669
0.95,9.7,10.0,50.378666666666696
0.95,10.0,4.3,39.91606666666665
0.95,10.0,4.6,40.434966666666654
0.95,10.0,4.9,40.953866666666656
0.95,10.0,5.2,41.47276666666666
0.95,10.0,5.5,41.99166666666667
0.95,10.0,5.800000000000001,42.51056666666667
0.95,10.0,6.1000000000000005,43.029466666666664
0.95,10.0,6.4,43.548366666666666
0.95,10.0,6.7,44.06726666666667
0.95,10.0,7.0,44.58616666666667
0.95,10.0,7.300000000000001,45.10506666666667
0.95,10.0,7.6000000000000005,45.623966666666675
0.95,10.0,7.9,46.142866666666684
0.95,10.0,8.200000000000001,46.661766666666686
0.95,10.0,8.5,47.18066666666669
0.95,10.0,8.8,47.69956666666668
0.95,10.0,9.100000000000001,48.218466666666686
0.95,10.0,9.4,48.73736666666669
0.95,10.0,9.7,49.25626666666669
1.0,4.0,4.0,59.04116666666672
1.0,4.0,4.3,59.22566666666672
1.0,4.0,4.6,59.41016666666671
1.0,4.0,4.9,59.59466666666671
1.0,4.0,5.2,59.77916666666671
1.0,4.0,5.5,59.963666666666704
1.0,4.0,5.800000000000001,60.1481666666667
1.0,4.0,6.1000000000000005,60.3326666666667
1.0,4.0,6.4,60.5171666666667
1.0,4.0,6.7,60.70166666666669
1.0,4.0,7.0,60.88616666666669
1.0,4.0,7.300000000000001,61.07066666666669
1.0,4.0,7.6000000000000005,61.25516666666668
1.0,4.0,7.9,61.43966666666668
1.0,4.0,8.200000000000001,61.62416666666668
1.0,4.0,8.5,61.808666666666674
1.0,4.0,8.8,61.99316666666667
1.0,4.0,9.100000000000001,62.17766666666667
1.0,4.0,9.4,62.36216666666667
1.0,4.0,9.7,62.54666666666666
1.0,4.0,10.0,62.73116666666666
1.0,4.3,4.0,58.084916666666714
1.0,4.3,4.3,58.28966666666671
1.0,4.3,4.6,58.49441666666671
1.0,4.3,4.9,58.699166666666706
1.0,4.3,5.2,58.9039166666667
1.0,4.3,5.5,59.10866666666669
1.0,4.3,5.800000000000001,59.31341666666669
1.0,4.3,6.1000000000000005,59.518166666666694
1.0,4.3,6.4,59.72291666666669
1.0,4.3,6.7,59.92766666666669
1.0,4.3,7.0,60.132416666666686
1.0,4.3,7.300000000000001,60.33716666666668
1.0,4.3,7.6000000000000005,60.54191666666668
1.0,4.3,7.9,60.74666666666668
1.0,4.3,8.200000000000001,60.95141666666668
1.0,4.3,8.5,61.15616666666668
1.0,4.3,8.8,61.36091666666667
1.0,4.3,9.100000000000001,61.565666666666665
1.0,4.3,9.4,61.77041666666666
1.0,4.3,9.7,61.97516666666666
1.0,4.3,10.0,62.17991666666665
1.0,4.6,4.0,57.12866666666671
1.0,4.6,4.3,57.35366666666671
1.0,4.6,4.6,57.578666666666706
1.0,4.6,4.9,57.80366666666671
1.0,4.6,5.2,58.02866666666671
1.0,4.6,5.5,58.253666666666696
1.0,4.6,5.800000000000001,58.4786666666667
1.0,4.6,6.1000000000000005,58.70366666666669
1.0,4.6,6.4,58.92866666666669
1.0,4.6,6.7,59.15366666666669
1.0,4.6,7.0,59.37866666666669
1.0,4.6,7.300000000000001,59.60366666666669
1.0,4.6,7.6000000000000005,59.828666666666685
1.0,4.6,7.9,60.053666666666686
1.0,4.6,8.200000000000001,60.27866666666668
1.0,4.6,8.5,60.50366666666668
1.0,4.6,8.8,60.72866666666667
1.0,4.6,9.100000000000001,60.95366666666667
1.0,4.6,9.4,61.17866666666667
1.0,4.6,9.7,61.403666666666666
1.0,4.6,10.0,61.62866666666667
1.0,4.9,4.0,56.172416666666706
1.0,4.9,4.3,56.417666666666705
1.0,4.9,4.6,56.6629166666667
1.0,4.9,4.9,56.9081666666667
1.0,4.9,5.2,57.1534166666667
1.0,4.9,5.5,57.3986666666667
1.0,4.9,5.800000000000001,57.64391666666669
1.0,4.9,6.1000000000000005,57.88916666666669
1.0,4.9,6.4,58.13441666666669
1.0,4.9,6.7,58.37966666666669
1.0,4.9,7.0,58.624916666666685
1.0,4.9,7.300000000000001,58.870166666666684
1.0,4.9,7.6000000000000005,59.11541666666668
1.0,4.9,7.9,59.36066666666668
1.0,4.9,8.200000000000001,59.60591666666668
1.0,4.9,8.5,59.85116666666667
1.0,4.9,8.8,60.09641666666667
1.0,4.9,9.100000000000001,60.34166666666667
1.0,4.9,9.4,60.58691666666667
1.0,4.9,9.7,60.832166666666666
1.0,4.9,10.0,61.077416666666664
1.0,5.2,4.0,55.21616666666671
1.0,5.2,4.3,55.481666666666705
1.0,5.2,4.6,55.74716666666671
1.0,5.2,4.9,56.0126666666667
1.0,5.2,5.2,56.2781666666667
1.0,5.2,5.5,56.5436666666667
1.0,5.2,5.800000000000001,56.80916666666669
1.0,5.2,6.1000000000000005,57.074666666666694
1.0,5.2,6.4,57.34016666666669
1.0,5.2,6.7,57.60566666666669
1.0,5.2,7.0,57.87116666666669
1.0,5.2,7.300000000000001,58.136666666666684
1.0,5.2,7.6000000000000005,58.40216666666669
1.0,5.2,7.9,58.66766666666668
1.0,5.2,8.200000000000001,58.933166666666686
1.0,5.2,8.5,59.198666666666675
1.0,5.2,8.8,59.46416666666668
1.0,5.2,9.100000000000001,59.729666666666674
1.0,5.2,9.4,59.99516666666667
1.0,5.2,9.7,60.26066666666667
1.0,5.2,10.0,60.52616666666667
1.0,5.5,4.0,54.2599166666667
1.0,5.5,4.3,54.5456666666667
1.0,5.5,4.6,54.8314166666667
1.0,5.5,4.9,55.1171666666667
1.0,5.5,5.2,55.4029166666667
1.0,5.5,5.5,55.68866666666669
1.0,5.5,5.800000000000001,55.97441666666669
1.0,5.5,6.1000000000000005,56.260166666666684
1.0,5.5,6.4,56.545916666666685
1.0,5.5,6.7,56.831666666666685
1.0,5.5,7.0,57.117416666666685
1.0,5.5,7.300000000000001,57.403166666666685
1.0,5.5,7.6000000000000005,57.688916666666685
1.0,5.5,7.9,57.974666666666685
1.0,5.5,8.200000000000001,58.26041666666668
1.0,5.5,8.5,58.54616666666668
1.0,5.5,8.8,58.83191666666667
1.0,5.5,9.100000000000001,59.11766666666667
1.0,5.5,9.4,59.40341666666667
1.0,5.5,9.7,59.68916666666667
1.0,5.5,10.0,59.97491666666667
1.0,5.800000000000001,4.0,53.30366666666669
1.0,5.800000000000001,4.3,53.60966666666669
1.0,5.800000000000001,4.6,53.915666666666695
1.0,5.800000000000001,4.9,54.22166666666669
1.0,5.800000000000001,5.2,54.52766666666669
1.0,5.800000000000001,5.5,54.833666666666694
1.0,5.800000000000001,5.800000000000001,55.139666666666685
1.0,5.800000000000001,6.1000000000000005,55.44566666666668
1.0,5.800000000000001,6.4,55.75166666666668
1.0,5.800000000000001,6.7,56.057666666666684
1.0,5.800000000000001,7.0,56.36366666666668
1.0,5.800000000000001,7.300000000000001,56.66966666666668
1.0,5.800000000000001,7.6000000000000005,56.97566666666668
1.0,5.800000000000001,7.9,57.28166666666668
1.0,5.800000000000001,8.200000000000001,57.58766666666668
1.0,5.800000000000001,8.5,57.89366666666667
1.0,5.800000000000001,8.8,58.19966666666667
1.0,5.800000000000001,9.100000000000001,58.50566666666667
1.0,5.800000000000001,9.4,58.81166666666667
1.0,5.800000000000001,9.7,59.11766666666667
1.0,5.800000000000001,10.0,59.42366666666667
1.0,6.1000000000000005,4.0,52.347416666666696
1.0,6.1000000000000005,4.3,52.6736666666667
1.0,6.1000000000000005,4.6,52.99991666666669
1.0,6.1000000000000005,4.9,53.326166666666694
1.0,6.1000000000000005,5.2,53.652416666666696
1.0,6.1000000000000005,5.5,53.97866666666669
1.0,6.1000000000000005,5.800000000000001,54.304916666666685
1.0,6.1000000000000005,6.1000000000000005,54.63116666666669
1.0,6.1000000000000005,6.4,54.95741666666669
1.0,6.1000000000000005,6.7,55.28366666666668
1.0,6.1000000000000005,7.0,55.609916666666685
1.0,6.1000000000000005,7.300000000000001,55.936166666666686
1.0,6.1000000000000005,7.6000000000000005,56.26241666666668
1.0,6.1000000000000005,7.9,56.58866666666668
1.0,6.1000000000000005,8.200000000000001,56.914916666666684
1.0,6.1000000000000005,8.5,57.24116666666668
1.0,6.1000000000000005,8.8,57.567416666666674
1.0,6.1000000000000005,9.100000000000001,57.893666666666675
1.0,6.1000000000000005,9.4,58.21991666666668
1.0,6.1000000000000005,9.7,58.54616666666667
1.0,6.1000000000000005,10.0,58.87241666666667
1.0,6.4,4.0,51.39116666666669
1.0,6.4,4.3,51.73766666666669
1.0,6.4,4.6,52.08416666666669
1.0,6.4,4.9,52.43066666666669
1.0,6.4,5.2,52.77716666666669
1.0,6.4,5.5,53.12366666666668
1.0,6.4,5.800000000000001,53.47016666666668
1.0,6.4,6.1000000000000005,53.816666666666684
1.0,6.4,6.4,54.16316666666668
1.0,6.4,6.7,54.50966666666668
1.0,6.4,7.0,54.85616666666668
1.0,6.4,7.300000000000001,55.20266666666668
1.0,6.4,7.6000000000000005,55.54916666666668
1.0,6.4,7.9,55.89566666666668
1.0,6.4,8.200000000000001,56.242166666666684
1.0,6.4,8.5,56.58866666666668
1.0,6.4,8.8,56.935166666666674
1.0,6.4,9.100000000000001,57.28166666666667
1.0,6.4,9.4,57.62816666666667
1.0,6.4,9.7,57.97466666666667
1.0,6.4,10.0,58.32116666666667
1.0,6.7,4.0,50.43491666666669
1.0,6.7,4.3,50.80166666666669
1.0,6.7,4.6,51.16841666666669
1.0,6.7,4.9,51.53516666666669
1.0,6.7,5.2,51.90191666666669
1.0,6.7,5.5,52.26866666666668
1.0,6.7,5.800000000000001,52.635416666666686
1.0,6.7,6.1000000000000005,53.00216666666668
1.0,6.7,6.4,53.368916666666685
1.0,6.7,6.7,53.73566666666668
1.0,6.7,7.0,54.102416666666684
1.0,6.7,7.300000000000001,54.46916666666669
1.0,6.7,7.6000000000000005,54.835916666666684
1.0,6.7,7.9,55.20266666666669
1.0,6.7,8.200000000000001,55.56941666666668
1.0,6.7,8.5,55.936166666666686
1.0,6.7,8.8,56.302916666666675
1.0,6.7,9.100000000000001,56.66966666666668
1.0,6.7,9.4,57.03641666666668
1.0,6.7,9.7,57.40316666666668
1.0,6.7,10.0,57.76991666666668
1.0,7.0,4.0,49.47866666666668
1.0,7.0,4.3,49.865666666666684
1.0,7.0,4.6,50.252666666666684
1.0,7.0,4.9,50.639666666666685
1.0,7.0,5.2,51.026666666666685
1.0,7.0,5.5,51.413666666666686
1.0,7.0,5.800000000000001,51.80066666666668
1.0,7.0,6.1000000000000005,52.18766666666668
1.0,7.0,6.4,52.57466666666668
1.0,7.0,6.7,52.96166666666668
1.0,7.0,7.0,53.34866666666668
1.0,7.0,7.300000000000001,53.73566666666668
1.0,7.0,7.6000000000000005,54.12266666666668
1.0,7.0,7.9,54.50966666666668
1.0,7.0,8.200000000000001,54.89666666666668
1.0,7.0,8.5,55.283666666666676
1.0,7.0,8.8,55.670666666666676
1.0,7.0,9.100000000000001,56.05766666666668
1.0,7.0,9.4,56.44466666666668
1.0,7.0,9.7,56.83166666666668
1.0,7.0,10.0,57.21866666666668
1.0,7.300000000000001,4.0,48.52241666666668
1.0,7.300000000000001,4.3,48.92966666666668
1.0,7.300000000000001,4.6,49.33691666666668
1.0,7.300000000000001,4.9,49.74416666666668
1.0,7.300000000000001,5.2,50.15141666666668
1.0,7.300000000000001,5.5,50.558666666666674
1.0,7.300000000000001,5.800000000000001,50.96591666666667
1.0,7.300000000000001,6.1000000000000005,51.37316666666668
1.0,7.300000000000001,6.4,51.780416666666675
1.0,7.300000000000001,6.7,52.18766666666668
1.0,7.300000000000001,7.0,52.59491666666668
1.0,7.300000000000001,7.300000000000001,53.002166666666675
1.0,7.300000000000001,7.6000000000000005,53.40941666666668
1.0,7.300000000000001,7.9,53.81666666666668
1.0,7.300000000000001,8.200000000000001,54.22391666666668
1.0,7.300000000000001,8.5,54.63116666666668
1.0,7.300000000000001,8.8,55.03841666666668
1.0,7.300000000000001,9.100000000000001,55.445666666666675
1.0,7.300000000000001,9.4,55.85291666666667
1.0,7.300000000000001,9.7,56.26016666666668
1.0,7.300000000000001,10.0,56.667416666666675
1.0,7.6000000000000005,4.0,47.566166666666675
1.0,7.6000000000000005,4.3,47.99366666666668
1.0,7.6000000000000005,4.6,48.42116666666668
1.0,7.6000000000000005,4.9,48.84866666666668
1.0,7.6000000000000005,5.2,49.27616666666668
1.0,7.6000000000000005,5.5,49.70366666666668
1.0,7.6000000000000005,5.800000000000001,50.13116666666668
1.0,7.6000000000000005,6.1000000000000005,50.558666666666674
1.0,7.6000000000000005,6.4,50.986166666666676
1.0,7.6000000000000005,6.7,51.41366666666668
1.0,7.6000000000000005,7.0,51.84116666666668
1.0,7.6000000000000005,7.300000000000001,52.26866666666668
1.0,7.6000000000000005,7.6000000000000005,52.696166666666684
1.0,7.6000000000000005,7.9,53.123666666666686
1.0,7.6000000000000005,8.200000000000001,53.55116666666668
1.0,7.6000000000000005,8.5,53.97866666666668
1.0,7.6000000000000005,8.8,54.40616666666668
1.0,7.6000000000000005,9.100000000000001,54.83366666666668
1.0,7.6000000000000005,9.4,55.26116666666668
1.0,7.6000000000000005,9.7,55.688666666666684
1.0,7.6000000000000005,10.0,56.116166666666686
1.0,7.9,4.0,46.60991666666667
1.0,7.9,4.3,47.05766666666667
1.0,7.9,4.6,47.505416666666676
1.0,7.9,4.9,47.953166666666675
1.0,7.9,5.2,48.400916666666674
1.0,7.9,5.5,48.84866666666668
1.0,7.9,5.800000000000001,49.29641666666667
1.0,7.9,6.1000000000000005,49.74416666666667
1.0,7.9,6.4,50.19191666666667
1.0,7.9,6.7,50.63966666666668
1.0,7.9,7.0,51.08741666666668
1.0,7.9,7.300000000000001,51.535166666666676
1.0,7.9,7.6000000000000005,51.98291666666668
1.0,7.9,7.9,52.43066666666668
1.0,7.9,8.200000000000001,52.87841666666668
1.0,7.9,8.5,53.32616666666667
1.0,7.9,8.8,53.77391666666668
1.0,7.9,9.100000000000001,54.22166666666668
1.0,7.9,9.4,54.66941666666668
1.0,7.9,9.7,55.117166666666684
1.0,7.9,10.0,55.56491666666668
1.0,8.200000000000001,4.0,45.653666666666666
1.0,8.200000000000001,4.3,46.12166666666667
1.0,8.200000000000001,4.6,46.589666666666666
1.0,8.200000000000001,4.9,47.05766666666667
1.0,8.200000000000001,5.2,47.52566666666667
1.0,8.200000000000001,5.5,47.99366666666666
1.0,8.200000000000001,5.800000000000001,48.461666666666666
1.0,8.200000000000001,6.1000000000000005,48.92966666666667
1.0,8.200000000000001,6.4,49.39766666666667
1.0,8.200000000000001,6.7,49.86566666666667
1.0,8.200000000000001,7.0,50.33366666666667
1.0,8.200000000000001,7.300000000000001,50.80166666666668
1.0,8.200000000000001,7.6000000000000005,51.26966666666667
1.0,8.200000000000001,7.9,51.73766666666668
1.0,8.200000000000001,8.200000000000001,52.20566666666668
1.0,8.200000000000001,8.5,52.67366666666668
1.0,8.200000000000001,8.8,53.14166666666667
1.0,8.200000000000001,9.100000000000001,53.609666666666676
1.0,8.200000000000001,9.4,54.07766666666668
1.0,8.200000000000001,9.7,54.545666666666676
1.0,8.200000000000001,10.0,55.01366666666668
1.0,8.5,4.0,44.69741666666667
1.0,8.5,4.3,45.18566666666667
1.0,8.5,4.6,45.67391666666667
1.0,8.5,4.9,46.16216666666667
1.0,8.5,5.2,46.65041666666667
1.0,8.5,5.5,47.138666666666666
1.0,8.5,5.800000000000001,47.626916666666666
1.0,8.5,6.1000000000000005,48.115166666666674
1.0,8.5,6.4,48.603416666666675
1.0,8.5,6.7,49.091666666666676
1.0,8.5,7.0,49.579916666666676
1.0,8.5,7.300000000000001,50.06816666666668
1.0,8.5,7.6000000000000005,50.55641666666668
1.0,8.5,7.9,51.04466666666668
1.0,8.5,8.200000000000001,51.53291666666669
1.0,8.5,8.5,52.02116666666669
1.0,8.5,8.8,52.50941666666668
1.0,8.5,9.100000000000001,52.99766666666668
1.0,8.5,9.4,53.48591666666668
1.0,8.5,9.7,53.97416666666668
1.0,8.5,10.0,54.462416666666684
1.0,8.8,4.0,43.74116666666666
1.0,8.8,4.3,44.24966666666666
1.0,8.8,4.6,44.75816666666666
1.0,8.8,4.9,45.266666666666666
1.0,8.8,5.2,45.77516666666667
1.0,8.8,5.5,46.28366666666667
1.0,8.8,5.800000000000001,46.79216666666667
1.0,8.8,6.1000000000000005,47.300666666666665
1.0,8.8,6.4,47.80916666666667
1.0,8.8,6.7,48.31766666666667
1.0,8.8,7.0,48.82616666666667
1.0,8.8,7.300000000000001,49.33466666666668
1.0,8.8,7.6000000000000005,49.843166666666676
1.0,8.8,7.9,50.35166666666668
1.0,8.8,8.200000000000001,50.86016666666668
1.0,8.8,8.5,51.36866666666668
1.0,8.8,8.8,51.877166666666675
1.0,8.8,9.100000000000001,52.38566666666668
1.0,8.8,9.4,52.894166666666685
1.0,8.8,9.7,53.40266666666668
1.0,8.8,10.0,53.91116666666669
1.0,9.100000000000001,4.0,42.78491666666666
1.0,9.100000000000001,4.3,43.31366666666666
1.0,9.100000000000001,4.6,43.842416666666665
1.0,9.100000000000001,4.9,44.37116666666667
1.0,9.100000000000001,5.2,44.89991666666667
1.0,9.100000000000001,5.5,45.42866666666667
1.0,9.100000000000001,5.800000000000001,45.95741666666667
1.0,9.100000000000001,6.1000000000000005,46.48616666666667
1.0,9.100000000000001,6.4,47.01491666666667
1.0,9.100000000000001,6.7,47.543666666666674
1.0,9.100000000000001,7.0,48.072416666666676
1.0,9.100000000000001,7.300000000000001,48.60116666666668
1.0,9.100000000000001,7.6000000000000005,49.12991666666668
1.0,9.100000000000001,7.9,49.65866666666668
1.0,9.100000000000001,8.200000000000001,50.187416666666685
1.0,9.100000000000001,8.5,50.71616666666668
1.0,9.100000000000001,8.8,51.24491666666668
1.0,9.100000000000001,9.100000000000001,51.773666666666685
1.0,9.100000000000001,9.4,52.30241666666669
1.0,9.100000000000001,9.7,52.83116666666669
1.0,9.100000000000001,10.0,53.35991666666669
1.0,9.4,4.0,41.828666666666656
1.0,9.4,4.3,42.377666666666656
1.0,9.4,4.6,42.92666666666666
1.0,9.4,4.9,43.47566666666666
1.0,9.4,5.2,44.02466666666666
1.0,9.4,5.5,44.57366666666666
1.0,9.4,5.800000000000001,45.12266666666666
1.0,9.4,6.1000000000000005,45.67166666666667
1.0,9.4,6.4,46.220666666666666
1.0,9.4,6.7,46.76966666666667
1.0,9.4,7.0,47.31866666666667
1.0,9.4,7.300000000000001,47.86766666666667
1.0,9.4,7.6000000000000005,48.41666666666668
1.0,9.4,7.9,48.96566666666668
1.0,9.4,8.200000000000001,49.514666666666685
1.0,9.4,8.5,50.063666666666684
1.0,9.4,8.8,50.612666666666684
1.0,9.4,9.100000000000001,51.16166666666668
1.0,9.4,9.4,51.71066666666668
1.0,9.4,9.7,52.25966666666669
1.0,9.4,10.0,52.80866666666669
1.0,9.7,4.0,40.87241666666665
1.0,9.7,4.3,41.441666666666656
1.0,9.7,4.6,42.01091666666666
1.0,9.7,4.9,42.58016666666666
1.0,9.7,5.2,43.14941666666667
1.0,9.7,5.5,43.718666666666664
1.0,9.7,5.800000000000001,44.28791666666667
1.0,9.7,6.1000000000000005,44.857166666666664
1.0,9.7,6.4,45.42641666666667
1.0,9.7,6.7,45.99566666666667
1.0,9.7,7.0,46.564916666666676
1.0,9.7,7.300000000000001,47.13416666666668
1.0,9.7,7.6000000000000005,47.70341666666668
1.0,9.7,7.9,48.27266666666669
1.0,9.7,8.200000000000001,48.841916666666684
1.0,9.7,8.5,49.41116666666669
1.0,9.7,8.8,49.980416666666684
1.0,9.7,9.100000000000001,50.54966666666669
1.0,9.7,9.4,51.11891666666669
1.0,9.7,9.7,51.688166666666696
1.0,9.7,10.0,52.2574166666667
1.0,10.0,4.0,39.91616666666665
1.0,10.0,4.3,40.50566666666665
1.0,10.0,4.6,41.09516666666666
1.0,10.0,4.9,41.68466666666666
1.0,10.0,5.2,42.27416666666666
1.0,10.0,5.5,42.86366666666667
1.0,10.0,5.800000000000001,43.45316666666666
1.0,10.0,6.1000000000000005,44.04266666666666
1.0,10.0,6.4,44.63216666666666
1.0,10.0,6.7,45.22166666666667
1.0,10.0,7.0,45.81116666666667
1.0,10.0,7.300000000000001,46.40066666666667
1.0,10.0,7.6000000000000005,46.99016666666668
1.0,10.0,7.9,47.57966666666668
1.0,10.0,8.200000000000001,48.16916666666668
1.0,10.0,8.5,48.75866666666668
1.0,10.0,8.8,49.348166666666685
1.0,10.0,9.100000000000001,49.937666666666686
1.0,10.0,9.4,50.52716666666669
1.0,10.0,9.7,51.116666666666696
1.0,10.0,10.0,51.7061666666667
1.05,4.0,4.3,58.770266666666714
1.05,4.0,4.6,59.02536666666671
1.05,4.0,4.9,59.28046666666671
1.05,4.0,5.2,59.53556666666671
1.05,4.0,5.5,59.79066666666671
1.05,4.0,5.800000000000001,60.0457666666667
1.05,4.0,6.1000000000000005,60.30086666666669
1.05,4.0,6.4,60.55596666666669
1.05,4.0,6.7,60.81106666666669
1.05,4.0,7.0,61.06616666666669
1.05,4.0,7.300000000000001,61.32126666666669
1.05,4.0,7.6000000000000005,61.57636666666669
1.05,4.0,7.9,61.831466666666685
1.05,4.0,8.200000000000001,62.086566666666684
1.05,4.0,8.5,62.341666666666676
1.05,4.0,8.8,62.59676666666667
1.05,4.0,9.100000000000001,62.851866666666666
1.05,4.0,9.4,63.106966666666665
1.05,4.0,9.7,63.362066666666664
1.05,4.3,4.0,57.61116666666671
1.05,4.3,4.3,57.88651666666671
1.05,4.3,4.6,58.16186666666671
1.05,4.3,4.9,58.43721666666671
1.05,4.3,5.2,58.7125666666667
1.05,4.3,5.5,58.9879166666667
1.05,4.3,5.800000000000001,59.263266666666695
1.05,4.3,6.1000000000000005,59.53861666666669
1.05,4.3,6.4,59.81396666666669
1.05,4.3,6.7,60.08931666666669
1.05,4.3,7.0,60.364666666666686
1.05,4.3,7.300000000000001,60.64001666666668
1.05,4.3,7.6000000000000005,60.915366666666685
1.05,4.3,7.9,61.19071666666668
1.05,4.3,8.200000000000001,61.46606666666668
1.05,4.3,8.5,61.74141666666668
1.05,4.3,8.8,62.016766666666676
1.05,4.3,9.100000000000001,62.292116666666665
1.05,4.3,9.4,62.56746666666666
1.05,4.3,9.7,62.84281666666667
1.05,4.3,10.0,63.11816666666667
1.05,4.6,4.0,56.70716666666671
1.05,4.6,4.3,57.00276666666671
1.05,4.6,4.6,57.29836666666671
1.05,4.6,4.9,57.59396666666671
1.05,4.6,5.2,57.8895666666667
1.05,4.6,5.5,58.1851666666667
1.05,4.6,5.800000000000001,58.480766666666696
1.05,4.6,6.1000000000000005,58.776366666666696
1.05,4.6,6.4,59.07196666666669
1.05,4.6,6.7,59.36756666666669
1.05,4.6,7.0,59.66316666666669
1.05,4.6,7.300000000000001,59.95876666666669
1.05,4.6,7.6000000000000005,60.254366666666684
1.05,4.6,7.9,60.549966666666684
1.05,4.6,8.200000000000001,60.845566666666684
1.05,4.6,8.5,61.141166666666685
1.05,4.6,8.8,61.43676666666668
1.05,4.6,9.100000000000001,61.73236666666667
1.05,4.6,9.4,62.02796666666667
1.05,4.6,9.7,62.32356666666667
1.05,4.6,10.0,62.619166666666665
1.05,4.9,4.0,55.803166666666705
1.05,4.9,4.3,56.1190166666667
1.05,4.9,4.6,56.4348666666667
1.05,4.9,4.9,56.750716666666705
1.05,4.9,5.2,57.0665666666667
1.05,4.9,5.5,57.3824166666667
1.05,4.9,5.800000000000001,57.69826666666669
1.05,4.9,6.1000000000000005,58.01411666666669
1.05,4.9,6.4,58.329966666666685
1.05,4.9,6.7,58.64581666666669
1.05,4.9,7.0,58.96166666666669
1.05,4.9,7.300000000000001,59.277516666666685
1.05,4.9,7.6000000000000005,59.59336666666668
1.05,4.9,7.9,59.90921666666668
1.05,4.9,8.200000000000001,60.22506666666668
1.05,4.9,8.5,60.540916666666675
1.05,4.9,8.8,60.85676666666667
1.05,4.9,9.100000000000001,61.17261666666667
1.05,4.9,9.4,61.48846666666667
1.05,4.9,9.7,61.804316666666665
1.05,4.9,10.0,62.12016666666666
1.05,5.2,4.0,54.89916666666671
1.05,5.2,4.3,55.2352666666667
1.05,5.2,4.6,55.571366666666705
1.05,5.2,4.9,55.9074666666667
1.05,5.2,5.2,56.2435666666667
1.05,5.2,5.5,56.579666666666704
1.05,5.2,5.800000000000001,56.91576666666669
1.05,5.2,6.1000000000000005,57.25186666666669
1.05,5.2,6.4,57.58796666666669
1.05,5.2,6.7,57.92406666666669
1.05,5.2,7.0,58.26016666666669
1.05,5.2,7.300000000000001,58.596266666666686
1.05,5.2,7.6000000000000005,58.93236666666669
1.05,5.2,7.9,59.26846666666668
1.05,5.2,8.200000000000001,59.604566666666685
1.05,5.2,8.5,59.94066666666668
1.05,5.2,8.8,60.276766666666674
1.05,5.2,9.100000000000001,60.612866666666676
1.05,5.2,9.4,60.94896666666667
1.05,5.2,9.7,61.28506666666667
1.05,5.2,10.0,61.621166666666674
1.05,5.5,4.0,53.9951666666667
1.05,5.5,4.3,54.3515166666667
1.05,5.5,4.6,54.707866666666696
1.05,5.5,4.9,55.064216666666695
1.05,5.5,5.2,55.420566666666694
1.05,5.5,5.5,55.77691666666669
1.05,5.5,5.800000000000001,56.133266666666685
1.05,5.5,6.1000000000000005,56.489616666666684
1.05,5.5,6.4,56.84596666666668
1.05,5.5,6.7,57.20231666666669
1.05,5.5,7.0,57.55866666666669
1.05,5.5,7.300000000000001,57.91501666666669
1.05,5.5,7.6000000000000005,58.27136666666669
1.05,5.5,7.9,58.627716666666686
1.05,5.5,8.200000000000001,58.984066666666685
1.05,5.5,8.5,59.340416666666684
1.05,5.5,8.8,59.69676666666668
1.05,5.5,9.100000000000001,60.053116666666675
1.05,5.5,9.4,60.409466666666674
1.05,5.5,9.7,60.76581666666667
1.05,5.5,10.0,61.12216666666667
1.05,5.800000000000001,4.0,53.091166666666695
1.05,5.800000000000001,4.3,53.46776666666669
1.05,5.800000000000001,4.6,53.844366666666694
1.05,5.800000000000001,4.9,54.22096666666669
1.05,5.800000000000001,5.2,54.597566666666694
1.05,5.800000000000001,5.5,54.97416666666669
1.05,5.800000000000001,5.800000000000001,55.350766666666686
1.05,5.800000000000001,6.1000000000000005,55.72736666666668
1.05,5.800000000000001,6.4,56.103966666666686
1.05,5.800000000000001,6.7,56.48056666666668
1.05,5.800000000000001,7.0,56.85716666666668
1.05,5.800000000000001,7.300000000000001,57.23376666666668
1.05,5.800000000000001,7.6000000000000005,57.61036666666668
1.05,5.800000000000001,7.9,57.98696666666668
1.05,5.800000000000001,8.200000000000001,58.36356666666668
1.05,5.800000000000001,8.5,58.740166666666674
1.05,5.800000000000001,8.8,59.11676666666667
1.05,5.800000000000001,9.100000000000001,59.493366666666674
1.05,5.800000000000001,9.4,59.86996666666667
1.05,5.800000000000001,9.7,60.24656666666667
1.05,5.800000000000001,10.0,60.62316666666667
1.05,6.1000000000000005,4.0,52.18716666666669
1.05,6.1000000000000005,4.3,52.58401666666669
1.05,6.1000000000000005,4.6,52.98086666666669
1.05,6.1000000000000005,4.9,53.37771666666669
1.05,6.1000000000000005,5.2,53.77456666666669
1.05,6.1000000000000005,5.5,54.171416666666694
1.05,6.1000000000000005,5.800000000000001,54.56826666666669
1.05,6.1000000000000005,6.1000000000000005,54.96511666666669
1.05,6.1000000000000005,6.4,55.36196666666669
1.05,6.1000000000000005,6.7,55.75881666666668
1.05,6.1000000000000005,7.0,56.15566666666668
1.05,6.1000000000000005,7.300000000000001,56.55251666666668
1.05,6.1000000000000005,7.6000000000000005,56.949366666666684
1.05,6.1000000000000005,7.9,57.346216666666685
1.05,6.1000000000000005,8.200000000000001,57.743066666666685
1.05,6.1000000000000005,8.5,58.13991666666668
1.05,6.1000000000000005,8.8,58.53676666666668
1.05,6.1000000000000005,9.100000000000001,58.93361666666668
1.05,6.1000000000000005,9.4,59.33046666666667
1.05,6.1000000000000005,9.7,59.727316666666674
1.05,6.1000000000000005,10.0,60.124166666666675
1.05,6.4,4.0,51.28316666666669
1.05,6.4,4.3,51.700266666666685
1.05,6.4,4.6,52.11736666666669
1.05,6.4,4.9,52.53446666666669
1.05,6.4,5.2,52.951566666666686
1.05,6.4,5.5,53.36866666666669
1.05,6.4,5.800000000000001,53.78576666666668
1.05,6.4,6.1000000000000005,54.20286666666668
1.05,6.4,6.4,54.619966666666684
1.05,6.4,6.7,55.03706666666668
1.05,6.4,7.0,55.45416666666668
1.05,6.4,7.300000000000001,55.871266666666685
1.05,6.4,7.6000000000000005,56.28836666666668
1.05,6.4,7.9,56.70546666666668
1.05,6.4,8.200000000000001,57.12256666666668
1.05,6.4,8.5,57.53966666666668
1.05,6.4,8.8,57.95676666666668
1.05,6.4,9.100000000000001,58.37386666666667
1.05,6.4,9.4,58.79096666666668
1.05,6.4,9.7,59.208066666666674
1.05,6.4,10.0,59.62516666666667
1.05,6.7,4.0,50.37916666666669
1.05,6.7,4.3,50.816516666666686
1.05,6.7,4.6,51.25386666666669
1.05,6.7,4.9,51.69121666666669
1.05,6.7,5.2,52.12856666666669
1.05,6.7,5.5,52.56591666666669
1.05,6.7,5.800000000000001,53.00326666666668
1.05,6.7,6.1000000000000005,53.440616666666685
1.05,6.7,6.4,53.87796666666669
1.05,6.7,6.7,54.31531666666668
1.05,6.7,7.0,54.752666666666684
1.05,6.7,7.300000000000001,55.190016666666686
1.05,6.7,7.6000000000000005,55.62736666666669
1.05,6.7,7.9,56.06471666666668
1.05,6.7,8.200000000000001,56.502066666666686
1.05,6.7,8.5,56.93941666666669
1.05,6.7,8.8,57.37676666666669
1.05,6.7,9.100000000000001,57.81411666666668
1.05,6.7,9.4,58.25146666666668
1.05,6.7,9.7,58.68881666666668
1.05,6.7,10.0,59.126166666666684
1.05,7.0,4.0,49.47516666666668
1.05,7.0,4.3,49.93276666666668
1.05,7.0,4.6,50.39036666666669
1.05,7.0,4.9,50.847966666666686
1.05,7.0,5.2,51.305566666666685
1.05,7.0,5.5,51.763166666666685
1.05,7.0,5.800000000000001,52.22076666666668
1.05,7.0,6.1000000000000005,52.678366666666676
1.05,7.0,6.4,53.13596666666668
1.05,7.0,6.7,53.59356666666668
1.05,7.0,7.0,54.05116666666668
1.05,7.0,7.300000000000001,54.50876666666668
1.05,7.0,7.6000000000000005,54.96636666666668
1.05,7.0,7.9,55.423966666666686
1.05,7.0,8.200000000000001,55.881566666666686
1.05,7.0,8.5,56.33916666666668
1.05,7.0,8.8,56.79676666666668
1.05,7.0,9.100000000000001,57.25436666666668
1.05,7.0,9.4,57.711966666666676
1.05,7.0,9.7,58.16956666666668
1.05,7.0,10.0,58.62716666666668
1.05,7.300000000000001,4.0,48.57116666666668
1.05,7.300000000000001,4.3,49.049016666666674
1.05,7.300000000000001,4.6,49.52686666666668
1.05,7.300000000000001,4.9,50.00471666666668
1.05,7.300000000000001,5.2,50.48256666666668
1.05,7.300000000000001,5.5,50.96041666666668
1.05,7.300000000000001,5.800000000000001,51.43826666666668
1.05,7.300000000000001,6.1000000000000005,51.916116666666674
1.05,7.300000000000001,6.4,52.39396666666668
1.05,7.300000000000001,6.7,52.871816666666675
1.05,7.300000000000001,7.0,53.34966666666668
1.05,7.300000000000001,7.300000000000001,53.82751666666668
1.05,7.300000000000001,7.6000000000000005,54.30536666666668
1.05,7.300000000000001,7.9,54.78321666666668
1.05,7.300000000000001,8.200000000000001,55.26106666666668
1.05,7.300000000000001,8.5,55.73891666666668
1.05,7.300000000000001,8.8,56.216766666666686
1.05,7.300000000000001,9.100000000000001,56.694616666666676
1.05,7.300000000000001,9.4,57.17246666666668
1.05,7.300000000000001,9.7,57.650316666666676
1.05,7.300000000000001,10.0,58.12816666666668
1.05,7.6000000000000005,4.0,47.667166666666674
1.05,7.6000000000000005,4.3,48.16526666666668
1.05,7.6000000000000005,4.6,48.66336666666668
1.05,7.6000000000000005,4.9,49.16146666666668
1.05,7.6000000000000005,5.2,49.659566666666684
1.05,7.6000000000000005,5.5,50.157666666666685
1.05,7.6000000000000005,5.800000000000001,50.65576666666668
1.05,7.6000000000000005,6.1000000000000005,51.15386666666668
1.05,7.6000000000000005,6.4,51.65196666666668
1.05,7.6000000000000005,6.7,52.15006666666668
1.05,7.6000000000000005,7.0,52.64816666666668
1.05,7.6000000000000005,7.300000000000001,53.14626666666668
1.05,7.6000000000000005,7.6000000000000005,53.644366666666684
1.05,7.6000000000000005,7.9,54.142466666666685
1.05,7.6000000000000005,8.200000000000001,54.640566666666686
1.05,7.6000000000000005,8.5,55.13866666666669
1.05,7.6000000000000005,8.8,55.63676666666669
1.05,7.6000000000000005,9.100000000000001,56.13486666666668
1.05,7.6000000000000005,9.4,56.63296666666668
1.05,7.6000000000000005,9.7,57.13106666666668
1.05,7.6000000000000005,10.0,57.629166666666684
1.05,7.9,4.0,46.76316666666667
1.05,7.9,4.3,47.281516666666676
1.05,7.9,4.6,47.799866666666674
1.05,7.9,4.9,48.31821666666667
1.05,7.9,5.2,48.83656666666668
1.05,7.9,5.5,49.354916666666675
1.05,7.9,5.800000000000001,49.87326666666667
1.05,7.9,6.1000000000000005,50.39161666666667
1.05,7.9,6.4,50.909966666666676
1.05,7.9,6.7,51.428316666666674
1.05,7.9,7.0,51.94666666666668
1.05,7.9,7.300000000000001,52.46501666666668
1.05,7.9,7.6000000000000005,52.98336666666668
1.05,7.9,7.9,53.50171666666668
1.05,7.9,8.200000000000001,54.020066666666686
1.05,7.9,8.5,54.53841666666668
1.05,7.9,8.8,55.056766666666675
1.05,7.9,9.100000000000001,55.57511666666668
1.05,7.9,9.4,56.09346666666668
1.05,7.9,9.7,56.611816666666684
1.05,7.9,10.0,57.13016666666668
1.05,8.200000000000001,4.0,45.85916666666667
1.05,8.200000000000001,4.3,46.39776666666667
1.05,8.200000000000001,4.6,46.93636666666667
1.05,8.200000000000001,4.9,47.47496666666667
1.05,8.200000000000001,5.2,48.01356666666667
1.05,8.200000000000001,5.5,48.55216666666667
1.05,8.200000000000001,5.800000000000001,49.09076666666667
1.05,8.200000000000001,6.1000000000000005,49.62936666666667
1.05,8.200000000000001,6.4,50.16796666666667
1.05,8.200000000000001,6.7,50.706566666666674
1.05,8.200000000000001,7.0,51.24516666666668
1.05,8.200000000000001,7.300000000000001,51.78376666666667
1.05,8.200000000000001,7.6000000000000005,52.322366666666674
1.05,8.200000000000001,7.9,52.86096666666668
1.05,8.200000000000001,8.200000000000001,53.39956666666668
1.05,8.200000000000001,8.5,53.93816666666668
1.05,8.200000000000001,8.8,54.476766666666684
1.05,8.200000000000001,9.100000000000001,55.01536666666668
1.05,8.200000000000001,9.4,55.55396666666668
1.05,8.200000000000001,9.7,56.092566666666684
1.05,8.200000000000001,10.0,56.63116666666668
1.05,8.5,4.0,44.95516666666666
1.05,8.5,4.3,45.51401666666667
1.05,8.5,4.6,46.07286666666667
1.05,8.5,4.9,46.63171666666667
1.05,8.5,5.2,47.190566666666676
1.05,8.5,5.5,47.749416666666676
1.05,8.5,5.800000000000001,48.30826666666667
1.05,8.5,6.1000000000000005,48.867116666666675
1.05,8.5,6.4,49.425966666666675
1.05,8.5,6.7,49.984816666666674
1.05,8.5,7.0,50.543666666666674
1.05,8.5,7.300000000000001,51.10251666666668
1.05,8.5,7.6000000000000005,51.66136666666668
1.05,8.5,7.9,52.22021666666668
1.05,8.5,8.200000000000001,52.77906666666669
1.05,8.5,8.5,53.337916666666686
1.05,8.5,8.8,53.896766666666686
1.05,8.5,9.100000000000001,54.455616666666685
1.05,8.5,9.4,55.014466666666685
1.05,8.5,9.7,55.573316666666685
1.05,8.5,10.0,56.13216666666669
1.05,8.8,4.0,44.05116666666666
1.05,8.8,4.3,44.630266666666664
1.05,8.8,4.6,45.20936666666666
1.05,8.8,4.9,45.788466666666665
1.05,8.8,5.2,46.36756666666667
1.05,8.8,5.5,46.94666666666667
1.05,8.8,5.800000000000001,47.52576666666666
1.05,8.8,6.1000000000000005,48.104866666666666
1.05,8.8,6.4,48.68396666666667
1.05,8.8,6.7,49.263066666666674
1.05,8.8,7.0,49.84216666666667
1.05,8.8,7.300000000000001,50.421266666666675
1.05,8.8,7.6000000000000005,51.00036666666668
1.05,8.8,7.9,51.57946666666668
1.05,8.8,8.200000000000001,52.15856666666668
1.05,8.8,8.5,52.73766666666668
1.05,8.8,8.8,53.31676666666668
1.05,8.8,9.100000000000001,53.895866666666684
1.05,8.8,9.4,54.47496666666668
1.05,8.8,9.7,55.054066666666685
1.05,8.8,10.0,55.63316666666669
1.05,9.100000000000001,4.0,43.147166666666664
1.05,9.100000000000001,4.3,43.746516666666665
1.05,9.100000000000001,4.6,44.345866666666666
1.05,9.100000000000001,4.9,44.94521666666667
1.05,9.100000000000001,5.2,45.54456666666667
1.05,9.100000000000001,5.5,46.14391666666667
1.05,9.100000000000001,5.800000000000001,46.74326666666667
1.05,9.100000000000001,6.1000000000000005,47.34261666666667
1.05,9.100000000000001,6.4,47.94196666666667
1.05,9.100000000000001,6.7,48.541316666666674
1.05,9.100000000000001,7.0,49.140666666666675
1.05,9.100000000000001,7.300000000000001,49.740016666666676
1.05,9.100000000000001,7.6000000000000005,50.339366666666685
1.05,9.100000000000001,7.9,50.938716666666686
1.05,9.100000000000001,8.200000000000001,51.53806666666669
1.05,9.100000000000001,8.5,52.13741666666668
1.05,9.100000000000001,8.8,52.73676666666668
1.05,9.100000000000001,9.100000000000001,53.33611666666668
1.05,9.100000000000001,9.4,53.93546666666669
1.05,9.100000000000001,9.7,54.53481666666669
1.05,9.100000000000001,10.0,55.134166666666694
1.05,9.4,4.0,42.24316666666665
1.05,9.4,4.3,42.86276666666666
1.05,9.4,4.6,43.48236666666666
1.05,9.4,4.9,44.10196666666666
1.05,9.4,5.2,44.72156666666667
1.05,9.4,5.5,45.341166666666666
1.05,9.4,5.800000000000001,45.960766666666665
1.05,9.4,6.1000000000000005,46.58036666666666
1.05,9.4,6.4,47.19996666666667
1.05,9.4,6.7,47.819566666666674
1.05,9.4,7.0,48.43916666666667
1.05,9.4,7.300000000000001,49.05876666666668
1.05,9.4,7.6000000000000005,49.678366666666676
1.05,9.4,7.9,50.29796666666668
1.05,9.4,8.200000000000001,50.91756666666669
1.05,9.4,8.5,51.537166666666685
1.05,9.4,8.8,52.15676666666669
1.05,9.4,9.100000000000001,52.77636666666668
1.05,9.4,9.4,53.39596666666669
1.05,9.4,9.7,54.01556666666669
1.05,9.4,10.0,54.63516666666669
1.05,9.7,4.0,41.33916666666666
1.05,9.7,4.3,41.97901666666666
1.05,9.7,4.6,42.61886666666666
1.05,9.7,4.9,43.258716666666665
1.05,9.7,5.2,43.89856666666667
1.05,9.7,5.5,44.53841666666667
1.05,9.7,5.800000000000001,45.178266666666666
1.05,9.7,6.1000000000000005,45.81811666666667
1.05,9.7,6.4,46.45796666666667
1.05,9.7,6.7,47.097816666666674
1.05,9.7,7.0,47.73766666666668
1.05,9.7,7.300000000000001,48.37751666666668
1.05,9.7,7.6000000000000005,49.01736666666668
1.05,9.7,7.9,49.657216666666685
1.05,9.7,8.200000000000001,50.29706666666669
1.05,9.7,8.5,50.93691666666669
1.05,9.7,8.8,51.57676666666669
1.05,9.7,9.100000000000001,52.21661666666669
1.05,9.7,9.4,52.85646666666669
1.05,9.7,9.7,53.496316666666694
1.05,9.7,10.0,54.136166666666696
1.05,10.0,4.3,41.09526666666665
1.05,10.0,4.6,41.75536666666665
1.05,10.0,4.9,42.41546666666666
1.05,10.0,5.2,43.07556666666666
1.05,10.0,5.5,43.73566666666667
1.05,10.0,5.800000000000001,44.39576666666666
1.05,10.0,6.1000000000000005,45.05586666666667
1.05,10.0,6.4,45.71596666666667
1.05,10.0,6.7,46.37606666666667
1.05,10.0,7.0,47.036166666666674
1.05,10.0,7.300000000000001,47.69626666666667
1.05,10.0,7.6000000000000005,48.35636666666668
1.05,10.0,7.9,49.01646666666668
1.05,10.0,8.200000000000001,49.67656666666669
1.05,10.0,8.5,50.33666666666668
1.05,10.0,8.8,50.99676666666669
1.05,10.0,9.100000000000001,51.65686666666669
1.05,10.0,9.4,52.31696666666669
1.05,10.0,9.7,52.977066666666694
1.1,4.0,4.6,58.640566666666714
1.1,4.0,4.9,58.96626666666671
1.1,4.0,5.2,59.29196666666671
1.1,4.0,5.5,59.61766666666671
1.1,4.0,5.800000000000001,59.943366666666705
1.1,4.0,6.1000000000000005,60.269066666666696
1.1,4.0,6.4,60.59476666666669
1.1,4.0,6.7,60.92046666666669
1.1,4.0,7.0,61.24616666666669
1.1,4.0,7.300000000000001,61.571866666666686
1.1,4.0,7.6000000000000005,61.897566666666684
1.1,4.0,7.9,62.22326666666668
1.1,4.0,8.200000000000001,62.54896666666668
1.1,4.0,8.5,62.87466666666667
1.1,4.0,8.8,63.200366666666675
1.1,4.0,9.100000000000001,63.52606666666667
1.1,4.0,9.4,63.85176666666667
1.1,4.3,4.3,57.48336666666671
1.1,4.3,4.6,57.829316666666706
1.1,4.3,4.9,58.17526666666671
1.1,4.3,5.2,58.5212166666667
1.1,4.3,5.5,58.867166666666705
1.1,4.3,5.800000000000001,59.21311666666669
1.1,4.3,6.1000000000000005,59.559066666666695
1.1,4.3,6.4,59.90501666666669
1.1,4.3,6.7,60.250966666666685
1.1,4.3,7.0,60.59691666666669
1.1,4.3,7.300000000000001,60.94286666666668
1.1,4.3,7.6000000000000005,61.28881666666668
1.1,4.3,7.9,61.63476666666668
1.1,4.3,8.200000000000001,61.98071666666668
1.1,4.3,8.5,62.326666666666675
1.1,4.3,8.8,62.67261666666668
1.1,4.3,9.100000000000001,63.01856666666667
1.1,4.3,9.4,63.364516666666674
1.1,4.3,9.7,63.71046666666667
1.1,4.6,4.0,56.285666666666714
1.1,4.6,4.3,56.65186666666671
1.1,4.6,4.6,57.01806666666671
1.1,4.6,4.9,57.384266666666704
1.1,4.6,5.2,57.7504666666667
1.1,4.6,5.5,58.1166666666667
1.1,4.6,5.800000000000001,58.482866666666695
1.1,4.6,6.1000000000000005,58.849066666666694
1.1,4.6,6.4,59.21526666666669
1.1,4.6,6.7,59.58146666666669
1.1,4.6,7.0,59.94766666666669
1.1,4.6,7.300000000000001,60.31386666666669
1.1,4.6,7.6000000000000005,60.68006666666669
1.1,4.6,7.9,61.04626666666669
1.1,4.6,8.200000000000001,61.41246666666668
1.1,4.6,8.5,61.77866666666668
1.1,4.6,8.8,62.14486666666668
1.1,4.6,9.100000000000001,62.51106666666668
1.1,4.6,9.4,62.87726666666667
1.1,4.6,9.7,63.24346666666668
1.1,4.6,10.0,63.60966666666666
1.1,4.9,4.0,55.433916666666704
1.1,4.9,4.3,55.8203666666667
1.1,4.9,4.6,56.206816666666704
1.1,4.9,4.9,56.5932666666667
1.1,4.9,5.2,56.979716666666704
1.1,4.9,5.5,57.3661666666667
1.1,4.9,5.800000000000001,57.7526166666667
1.1,4.9,6.1000000000000005,58.13906666666669
1.1,4.9,6.4,58.52551666666669
1.1,4.9,6.7,58.911966666666686
1.1,4.9,7.0,59.29841666666669
1.1,4.9,7.300000000000001,59.684866666666686
1.1,4.9,7.6000000000000005,60.07131666666668
1.1,4.9,7.9,60.457766666666686
1.1,4.9,8.200000000000001,60.84421666666668
1.1,4.9,8.5,61.23066666666668
1.1,4.9,8.8,61.617116666666675
1.1,4.9,9.100000000000001,62.00356666666667
1.1,4.9,9.4,62.39001666666667
1.1,4.9,9.7,62.77646666666667
1.1,4.9,10.0,63.16291666666667
1.1,5.2,4.0,54.58216666666671
1.1,5.2,4.3,54.9888666666667
1.1,5.2,4.6,55.3955666666667
1.1,5.2,4.9,55.8022666666667
1.1,5.2,5.2,56.208966666666704
1.1,5.2,5.5,56.6156666666667
1.1,5.2,5.800000000000001,57.0223666666667
1.1,5.2,6.1000000000000005,57.42906666666669
1.1,5.2,6.4,57.83576666666669
1.1,5.2,6.7,58.242466666666694
1.1,5.2,7.0,58.64916666666669
1.1,5.2,7.300000000000001,59.05586666666669
1.1,5.2,7.6000000000000005,59.46256666666669
1.1,5.2,7.9,59.86926666666669
1.1,5.2,8.200000000000001,60.27596666666668
1.1,5.2,8.5,60.682666666666684
1.1,5.2,8.8,61.08936666666668
1.1,5.2,9.100000000000001,61.49606666666668
1.1,5.2,9.4,61.90276666666667
1.1,5.2,9.7,62.30946666666667
1.1,5.2,10.0,62.71616666666667
1.1,5.5,4.0,53.7304166666667
1.1,5.5,4.3,54.1573666666667
1.1,5.5,4.6,54.5843166666667
1.1,5.5,4.9,55.0112666666667
1.1,5.5,5.2,55.4382166666667
1.1,5.5,5.5,55.865166666666696
1.1,5.5,5.800000000000001,56.292116666666686
1.1,5.5,6.1000000000000005,56.71906666666669
1.1,5.5,6.4,57.14601666666669
1.1,5.5,6.7,57.57296666666669
1.1,5.5,7.0,57.999916666666685
1.1,5.5,7.300000000000001,58.42686666666668
1.1,5.5,7.6000000000000005,58.85381666666669
1.1,5.5,7.9,59.280766666666686
1.1,5.5,8.200000000000001,59.707716666666684
1.1,5.5,8.5,60.13466666666668
1.1,5.5,8.8,60.56161666666668
1.1,5.5,9.100000000000001,60.98856666666668
1.1,5.5,9.4,61.415516666666676
1.1,5.5,9.7,61.842466666666674
1.1,5.5,10.0,62.26941666666667
1.1,5.800000000000001,4.0,52.878666666666696
1.1,5.800000000000001,4.3,53.32586666666669
1.1,5.800000000000001,4.6,53.77306666666669
1.1,5.800000000000001,4.9,54.22026666666669
1.1,5.800000000000001,5.2,54.66746666666669
1.1,5.800000000000001,5.5,55.11466666666669
1.1,5.800000000000001,5.800000000000001,55.56186666666669
1.1,5.800000000000001,6.1000000000000005,56.00906666666668
1.1,5.800000000000001,6.4,56.456266666666686
1.1,5.800000000000001,6.7,56.90346666666668
1.1,5.800000000000001,7.0,57.35066666666668
1.1,5.800000000000001,7.300000000000001,57.797866666666685
1.1,5.800000000000001,7.6000000000000005,58.24506666666668
1.1,5.800000000000001,7.9,58.69226666666668
1.1,5.800000000000001,8.200000000000001,59.13946666666668
1.1,5.800000000000001,8.5,59.58666666666668
1.1,5.800000000000001,8.8,60.033866666666675
1.1,5.800000000000001,9.100000000000001,60.48106666666667
1.1,5.800000000000001,9.4,60.92826666666667
1.1,5.800000000000001,9.7,61.375466666666675
1.1,5.800000000000001,10.0,61.82266666666667
1.1,6.1000000000000005,4.0,52.02691666666669
1.1,6.1000000000000005,4.3,52.49436666666669
1.1,6.1000000000000005,4.6,52.96181666666669
1.1,6.1000000000000005,4.9,53.42926666666669
1.1,6.1000000000000005,5.2,53.89671666666669
1.1,6.1000000000000005,5.5,54.36416666666669
1.1,6.1000000000000005,5.800000000000001,54.83161666666669
1.1,6.1000000000000005,6.1000000000000005,55.29906666666669
1.1,6.1000000000000005,6.4,55.76651666666669
1.1,6.1000000000000005,6.7,56.23396666666669
1.1,6.1000000000000005,7.0,56.70141666666669
1.1,6.1000000000000005,7.300000000000001,57.16886666666669
1.1,6.1000000000000005,7.6000000000000005,57.63631666666669
1.1,6.1000000000000005,7.9,58.10376666666669
1.1,6.1000000000000005,8.200000000000001,58.571216666666686
1.1,6.1000000000000005,8.5,59.038666666666686
1.1,6.1000000000000005,8.8,59.50611666666668
1.1,6.1000000000000005,9.100000000000001,59.97356666666668
1.1,6.1000000000000005,9.4,60.44101666666668
1.1,6.1000000000000005,9.7,60.908466666666676
1.1,6.1000000000000005,10.0,61.375916666666676
1.1,6.4,4.0,51.17516666666669
1.1,6.4,4.3,51.66286666666669
1.1,6.4,4.6,52.15056666666669
1.1,6.4,4.9,52.63826666666669
1.1,6.4,5.2,53.12596666666669
1.1,6.4,5.5,53.61366666666669
1.1,6.4,5.800000000000001,54.101366666666685
1.1,6.4,6.1000000000000005,54.58906666666668
1.1,6.4,6.4,55.07676666666668
1.1,6.4,6.7,55.56446666666668
1.1,6.4,7.0,56.05216666666668
1.1,6.4,7.300000000000001,56.53986666666668
1.1,6.4,7.6000000000000005,57.02756666666668
1.1,6.4,7.9,57.51526666666668
1.1,6.4,8.200000000000001,58.00296666666668
1.1,6.4,8.5,58.490666666666684
1.1,6.4,8.8,58.97836666666668
1.1,6.4,9.100000000000001,59.466066666666684
1.1,6.4,9.4,59.953766666666674
1.1,6.4,9.7,60.44146666666668
1.1,6.4,10.0,60.929166666666674
1.1,6.7,4.0,50.32341666666669
1.1,6.7,4.3,50.83136666666669
1.1,6.7,4.6,51.33931666666669
1.1,6.7,4.9,51.84726666666669
1.1,6.7,5.2,52.35521666666669
1.1,6.7,5.5,52.86316666666669
1.1,6.7,5.800000000000001,53.37111666666669
1.1,6.7,6.1000000000000005,53.87906666666669
1.1,6.7,6.4,54.38701666666668
1.1,6.7,6.7,54.89496666666668
1.1,6.7,7.0,55.402916666666684
1.1,6.7,7.300000000000001,55.910866666666685
1.1,6.7,7.6000000000000005,56.418816666666686
1.1,6.7,7.9,56.92676666666669
1.1,6.7,8.200000000000001,57.43471666666669
1.1,6.7,8.5,57.94266666666669
1.1,6.7,8.8,58.45061666666669
1.1,6.7,9.100000000000001,58.95856666666669
1.1,6.7,9.4,59.46651666666668
1.1,6.7,9.7,59.97446666666668
1.1,6.7,10.0,60.48241666666668
1.1,7.0,4.0,49.471666666666685
1.1,7.0,4.3,49.999866666666684
1.1,7.0,4.6,50.52806666666668
1.1,7.0,4.9,51.05626666666669
1.1,7.0,5.2,51.584466666666685
1.1,7.0,5.5,52.112666666666684
1.1,7.0,5.800000000000001,52.64086666666669
1.1,7.0,6.1000000000000005,53.16906666666668
1.1,7.0,6.4,53.69726666666668
1.1,7.0,6.7,54.225466666666684
1.1,7.0,7.0,54.75366666666668
1.1,7.0,7.300000000000001,55.28186666666668
1.1,7.0,7.6000000000000005,55.810066666666685
1.1,7.0,7.9,56.338266666666684
1.1,7.0,8.200000000000001,56.86646666666668
1.1,7.0,8.5,57.39466666666669
1.1,7.0,8.8,57.92286666666668
1.1,7.0,9.100000000000001,58.45106666666668
1.1,7.0,9.4,58.97926666666668
1.1,7.0,9.7,59.50746666666668
1.1,7.0,10.0,60.03566666666668
1.1,7.300000000000001,4.0,48.619916666666676
1.1,7.300000000000001,4.3,49.16836666666668
1.1,7.300000000000001,4.6,49.71681666666668
1.1,7.300000000000001,4.9,50.265266666666676
1.1,7.300000000000001,5.2,50.81371666666668
1.1,7.300000000000001,5.5,51.36216666666668
1.1,7.300000000000001,5.800000000000001,51.91061666666668
1.1,7.300000000000001,6.1000000000000005,52.45906666666667
1.1,7.300000000000001,6.4,53.007516666666675
1.1,7.300000000000001,6.7,53.55596666666668
1.1,7.300000000000001,7.0,54.10441666666668
1.1,7.300000000000001,7.300000000000001,54.65286666666668
1.1,7.300000000000001,7.6000000000000005,55.20131666666668
1.1,7.300000000000001,7.9,55.74976666666668
1.1,7.300000000000001,8.200000000000001,56.29821666666668
1.1,7.300000000000001,8.5,56.846666666666685
1.1,7.300000000000001,8.8,57.39511666666668
1.1,7.300000000000001,9.100000000000001,57.94356666666668
1.1,7.300000000000001,9.4,58.49201666666668
1.1,7.300000000000001,9.7,59.04046666666668
1.1,7.300000000000001,10.0,59.58891666666668
1.1,7.6000000000000005,4.0,47.76816666666668
1.1,7.6000000000000005,4.3,48.33686666666668
1.1,7.6000000000000005,4.6,48.90556666666668
1.1,7.6000000000000005,4.9,49.47426666666668
1.1,7.6000000000000005,5.2,50.04296666666668
1.1,7.6000000000000005,5.5,50.611666666666686
1.1,7.6000000000000005,5.800000000000001,51.18036666666668
1.1,7.6000000000000005,6.1000000000000005,51.74906666666668
1.1,7.6000000000000005,6.4,52.31776666666668
1.1,7.6000000000000005,6.7,52.88646666666668
1.1,7.6000000000000005,7.0,53.455166666666685
1.1,7.6000000000000005,7.300000000000001,54.023866666666684
1.1,7.6000000000000005,7.6000000000000005,54.592566666666684
1.1,7.6000000000000005,7.9,55.161266666666684
1.1,7.6000000000000005,8.200000000000001,55.729966666666684
1.1,7.6000000000000005,8.5,56.29866666666669
1.1,7.6000000000000005,8.8,56.86736666666669
1.1,7.6000000000000005,9.100000000000001,57.43606666666669
1.1,7.6000000000000005,9.4,58.00476666666668
1.1,7.6000000000000005,9.7,58.57346666666668
1.1,7.6000000000000005,10.0,59.14216666666669
1.1,7.9,4.0,46.91641666666667
1.1,7.9,4.3,47.505366666666674
1.1,7.9,4.6,48.09431666666667
1.1,7.9,4.9,48.683266666666675
1.1,7.9,5.2,49.27221666666668
1.1,7.9,5.5,49.861166666666676
1.1,7.9,5.800000000000001,50.45011666666668
1.1,7.9,6.1000000000000005,51.03906666666667
1.1,7.9,6.4,51.628016666666674
1.1,7.9,6.7,52.21696666666668
1.1,7.9,7.0,52.805916666666675
1.1,7.9,7.300000000000001,53.39486666666668
1.1,7.9,7.6000000000000005,53.983816666666684
1.1,7.9,7.9,54.57276666666668
1.1,7.9,8.200000000000001,55.161716666666685
1.1,7.9,8.5,55.75066666666668
1.1,7.9,8.8,56.33961666666668
1.1,7.9,9.100000000000001,56.92856666666668
1.1,7.9,9.4,57.51751666666668
1.1,7.9,9.7,58.106466666666684
1.1,7.9,10.0,58.69541666666669
1.1,8.200000000000001,4.0,46.06466666666667
1.1,8.200000000000001,4.3,46.67386666666667
1.1,8.200000000000001,4.6,47.28306666666667
1.1,8.200000000000001,4.9,47.89226666666667
1.1,8.200000000000001,5.2,48.50146666666667
1.1,8.200000000000001,5.5,49.110666666666674
1.1,8.200000000000001,5.800000000000001,49.71986666666667
1.1,8.200000000000001,6.1000000000000005,50.32906666666667
1.1,8.200000000000001,6.4,50.93826666666667
1.1,8.200000000000001,6.7,51.54746666666667
1.1,8.200000000000001,7.0,52.15666666666667
1.1,8.200000000000001,7.300000000000001,52.765866666666675
1.1,8.200000000000001,7.6000000000000005,53.375066666666676
1.1,8.200000000000001,7.9,53.98426666666668
1.1,8.200000000000001,8.200000000000001,54.59346666666668
1.1,8.200000000000001,8.5,55.20266666666668
1.1,8.200000000000001,8.8,55.81186666666669
1.1,8.200000000000001,9.100000000000001,56.42106666666669
1.1,8.200000000000001,9.4,57.030266666666684
1.1,8.200000000000001,9.7,57.639466666666685
1.1,8.200000000000001,10.0,58.248666666666686
1.1,8.5,4.0,45.212916666666665
1.1,8.5,4.3,45.84236666666667
1.1,8.5,4.6,46.47181666666667
1.1,8.5,4.9,47.101266666666675
1.1,8.5,5.2,47.73071666666667
1.1,8.5,5.5,48.36016666666667
1.1,8.5,5.800000000000001,48.98961666666667
1.1,8.5,6.1000000000000005,49.61906666666667
1.1,8.5,6.4,50.248516666666674
1.1,8.5,6.7,50.87796666666667
1.1,8.5,7.0,51.50741666666668
1.1,8.5,7.300000000000001,52.13686666666668
1.1,8.5,7.6000000000000005,52.76631666666668
1.1,8.5,7.9,53.39576666666668
1.1,8.5,8.200000000000001,54.02521666666669
1.1,8.5,8.5,54.654666666666685
1.1,8.5,8.8,55.28411666666669
1.1,8.5,9.100000000000001,55.91356666666669
1.1,8.5,9.4,56.54301666666669
1.1,8.5,9.7,57.172466666666686
1.1,8.5,10.0,57.80191666666669
1.1,8.8,4.0,44.36116666666666
1.1,8.8,4.3,45.01086666666666
1.1,8.8,4.6,45.66056666666666
1.1,8.8,4.9,46.310266666666664
1.1,8.8,5.2,46.959966666666666
1.1,8.8,5.5,47.60966666666667
1.1,8.8,5.800000000000001,48.25936666666667
1.1,8.8,6.1000000000000005,48.90906666666667
1.1,8.8,6.4,49.55876666666667
1.1,8.8,6.7,50.20846666666667
1.1,8.8,7.0,50.858166666666676
1.1,8.8,7.300000000000001,51.50786666666668
1.1,8.8,7.6000000000000005,52.15756666666668
1.1,8.8,7.9,52.80726666666668
1.1,8.8,8.200000000000001,53.45696666666668
1.1,8.8,8.5,54.10666666666668
1.1,8.8,8.8,54.75636666666668
1.1,8.8,9.100000000000001,55.40606666666668
1.1,8.8,9.4,56.055766666666685
1.1,8.8,9.7,56.70546666666669
1.1,8.8,10.0,57.35516666666669
1.1,9.100000000000001,4.0,43.50941666666666
1.1,9.100000000000001,4.3,44.17936666666666
1.1,9.100000000000001,4.6,44.84931666666667
1.1,9.100000000000001,4.9,45.51926666666667
1.1,9.100000000000001,5.2,46.18921666666667
1.1,9.100000000000001,5.5,46.859166666666674
1.1,9.100000000000001,5.800000000000001,47.529116666666674
1.1,9.100000000000001,6.1000000000000005,48.19906666666667
1.1,9.100000000000001,6.4,48.869016666666674
1.1,9.100000000000001,6.7,49.538966666666674
1.1,9.100000000000001,7.0,50.208916666666674
1.1,9.100000000000001,7.300000000000001,50.87886666666668
1.1,9.100000000000001,7.6000000000000005,51.54881666666668
1.1,9.100000000000001,7.9,52.21876666666668
1.1,9.100000000000001,8.200000000000001,52.88871666666669
1.1,9.100000000000001,8.5,53.55866666666669
1.1,9.100000000000001,8.8,54.22861666666668
1.1,9.100000000000001,9.100000000000001,54.89856666666669
1.1,9.100000000000001,9.4,55.56851666666669
1.1,9.100000000000001,9.7,56.238466666666696
1.1,9.100000000000001,10.0,56.908416666666696
1.1,9.4,4.0,42.65766666666666
1.1,9.4,4.3,43.347866666666654
1.1,9.4,4.6,44.03806666666666
1.1,9.4,4.9,44.72826666666666
1.1,9.4,5.2,45.41846666666667
1.1,9.4,5.5,46.108666666666664
1.1,9.4,5.800000000000001,46.79886666666666
1.1,9.4,6.1000000000000005,47.489066666666666
1.1,9.4,6.4,48.17926666666667
1.1,9.4,6.7,48.86946666666667
1.1,9.4,7.0,49.55966666666667
1.1,9.4,7.300000000000001,50.24986666666668
1.1,9.4,7.6000000000000005,50.94006666666668
1.1,9.4,7.9,51.630266666666685
1.1,9.4,8.200000000000001,52.32046666666668
1.1,9.4,8.5,53.01066666666669
1.1,9.4,8.8,53.70086666666669
1.1,9.4,9.100000000000001,54.391066666666696
1.1,9.4,9.4,55.081266666666686
1.1,9.4,9.7,55.77146666666669
1.1,9.4,10.0,56.461666666666694
1.1,9.7,4.3,42.516366666666656
1.1,9.7,4.6,43.22681666666666
1.1,9.7,4.9,43.937266666666666
1.1,9.7,5.2,44.64771666666667
1.1,9.7,5.5,45.35816666666667
1.1,9.7,5.800000000000001,46.068616666666664
1.1,9.7,6.1000000000000005,46.779066666666665
1.1,9.7,6.4,47.489516666666674
1.1,9.7,6.7,48.199966666666676
1.1,9.7,7.0,48.91041666666668
1.1,9.7,7.300000000000001,49.62086666666668
1.1,9.7,7.6000000000000005,50.33131666666668
1.1,9.7,7.9,51.04176666666669
1.1,9.7,8.200000000000001,51.75221666666669
1.1,9.7,8.5,52.46266666666669
1.1,9.7,8.8,53.173116666666694
1.1,9.7,9.100000000000001,53.883566666666695
1.1,9.7,9.4,54.5940166666667
1.1,9.7,9.7,55.3044666666667
1.1,10.0,4.6,42.415566666666656
1.1,10.0,4.9,43.146266666666655
1.1,10.0,5.2,43.87696666666666
1.1,10.0,5.5,44.60766666666667
1.1,10.0,5.800000000000001,45.338366666666666
1.1,10.0,6.1000000000000005,46.069066666666664
1.1,10.0,6.4,46.79976666666667
1.1,10.0,6.7,47.53046666666667
1.1,10.0,7.0,48.261166666666675
1.1,10.0,7.300000000000001,48.991866666666674
1.1,10.0,7.6000000000000005,49.72256666666668
1.1,10.0,7.9,50.453266666666686
1.1,10.0,8.200000000000001,51.183966666666684
1.1,10.0,8.5,51.91466666666669
1.1,10.0,8.8,52.64536666666669
1.1,10.0,9.100000000000001,53.37606666666669
1.1,10.0,9.4,54.106766666666694
1.15,4.0,4.9,58.65206666666671
1.15,4.0,5.2,59.04836666666671
1.15,4.0,5.5,59.4446666666667
1.15,4.0,5.800000000000001,59.8409666666667
1.15,4.0,6.1000000000000005,60.2372666666667
1.15,4.0,6.4,60.633566666666695
1.15,4.0,6.7,61.02986666666669
1.15,4.0,7.0,61.42616666666669
1.15,4.0,7.300000000000001,61.82246666666669
1.15,4.0,7.6000000000000005,62.21876666666669
1.15,4.0,7.9,62.61506666666668
1.15,4.0,8.200000000000001,63.011366666666675
1.15,4.0,8.5,63.40766666666668
1.15,4.0,8.8,63.803966666666675
1.15,4.0,9.100000000000001,64.20026666666666
1.15,4.3,4.6,57.49676666666671
1.15,4.3,4.9,57.91331666666671
1.15,4.3,5.2,58.329866666666696
1.15,4.3,5.5,58.7464166666667
1.15,4.3,5.800000000000001,59.1629666666667
1.15,4.3,6.1000000000000005,59.57951666666669
1.15,4.3,6.4,59.99606666666669
1.15,4.3,6.7,60.412616666666686
1.15,4.3,7.0,60.82916666666669
1.15,4.3,7.300000000000001,61.24571666666669
1.15,4.3,7.6000000000000005,61.66226666666668
1.15,4.3,7.9,62.07881666666668
1.15,4.3,8.200000000000001,62.49536666666668
1.15,4.3,8.5,62.91191666666668
1.15,4.3,8.8,63.32846666666668
1.15,4.3,9.100000000000001,63.74501666666668
1.15,4.3,9.4,64.16156666666667
1.15,4.6,4.3,56.30096666666671
1.15,4.6,4.6,56.73776666666671
1.15,4.6,4.9,57.174566666666706
1.15,4.6,5.2,57.6113666666667
1.15,4.6,5.5,58.0481666666667
1.15,4.6,5.800000000000001,58.4849666666667
1.15,4.6,6.1000000000000005,58.9217666666667
1.15,4.6,6.4,59.3585666666667
1.15,4.6,6.7,59.795366666666695
1.15,4.6,7.0,60.23216666666669
1.15,4.6,7.300000000000001,60.66896666666669
1.15,4.6,7.6000000000000005,61.10576666666669
1.15,4.6,7.9,61.54256666666669
1.15,4.6,8.200000000000001,61.979366666666685
1.15,4.6,8.5,62.416166666666676
1.15,4.6,8.8,62.852966666666674
1.15,4.6,9.100000000000001,63.28976666666668
1.15,4.6,9.4,63.72656666666668
1.15,4.6,9.7,64.16336666666668
1.15,4.9,4.0,55.06466666666671
1.15,4.9,4.3,55.521716666666705
1.15,4.9,4.6,55.97876666666671
1.15,4.9,4.9,56.4358166666667
1.15,4.9,5.2,56.892866666666706
1.15,4.9,5.5,57.349916666666694
1.15,4.9,5.800000000000001,57.806966666666696
1.15,4.9,6.1000000000000005,58.26401666666669
1.15,4.9,6.4,58.72106666666669
1.15,4.9,6.7,59.17811666666669
1.15,4.9,7.0,59.635166666666684
1.15,4.9,7.300000000000001,60.09221666666669
1.15,4.9,7.6000000000000005,60.54926666666668
1.15,4.9,7.9,61.006316666666685
1.15,4.9,8.200000000000001,61.46336666666668
1.15,4.9,8.5,61.920416666666675
1.15,4.9,8.8,62.37746666666667
1.15,4.9,9.100000000000001,62.83451666666667
1.15,4.9,9.4,63.29156666666667
1.15,4.9,9.7,63.74861666666667
1.15,4.9,10.0,64.20566666666667
1.15,5.2,4.0,54.26516666666671
1.15,5.2,4.3,54.74246666666671
1.15,5.2,4.6,55.21976666666671
1.15,5.2,4.9,55.69706666666671
1.15,5.2,5.2,56.17436666666671
1.15,5.2,5.5,56.6516666666667
1.15,5.2,5.800000000000001,57.12896666666669
1.15,5.2,6.1000000000000005,57.60626666666669
1.15,5.2,6.4,58.08356666666669
1.15,5.2,6.7,58.56086666666669
1.15,5.2,7.0,59.03816666666669
1.15,5.2,7.300000000000001,59.51546666666669
1.15,5.2,7.6000000000000005,59.99276666666669
1.15,5.2,7.9,60.47006666666669
1.15,5.2,8.200000000000001,60.94736666666669
1.15,5.2,8.5,61.42466666666668
1.15,5.2,8.8,61.90196666666668
1.15,5.2,9.100000000000001,62.37926666666668
1.15,5.2,9.4,62.85656666666667
1.15,5.2,9.7,63.33386666666667
1.15,5.2,10.0,63.81116666666667
1.15,5.5,4.0,53.4656666666667
1.15,5.5,4.3,53.9632166666667
1.15,5.5,4.6,54.4607666666667
1.15,5.5,4.9,54.9583166666667
1.15,5.5,5.2,55.455866666666694
1.15,5.5,5.5,55.95341666666669
1.15,5.5,5.800000000000001,56.45096666666669
1.15,5.5,6.1000000000000005,56.94851666666669
1.15,5.5,6.4,57.44606666666669
1.15,5.5,6.7,57.943616666666685
1.15,5.5,7.0,58.44116666666669
1.15,5.5,7.300000000000001,58.938716666666686
1.15,5.5,7.6000000000000005,59.43626666666668
1.15,5.5,7.9,59.93381666666669
1.15,5.5,8.200000000000001,60.43136666666668
1.15,5.5,8.5,60.92891666666667
1.15,5.5,8.8,61.42646666666668
1.15,5.5,9.100000000000001,61.924016666666674
1.15,5.5,9.4,62.42156666666667
1.15,5.5,9.7,62.919116666666675
1.15,5.5,10.0,63.41666666666667
1.15,5.800000000000001,4.0,52.6661666666667
1.15,5.800000000000001,4.3,53.18396666666669
1.15,5.800000000000001,4.6,53.70176666666669
1.15,5.800000000000001,4.9,54.219566666666694
1.15,5.800000000000001,5.2,54.737366666666695
1.15,5.800000000000001,5.5,55.25516666666669
1.15,5.800000000000001,5.800000000000001,55.77296666666668
1.15,5.800000000000001,6.1000000000000005,56.290766666666684
1.15,5.800000000000001,6.4,56.808566666666685
1.15,5.800000000000001,6.7,57.32636666666669
1.15,5.800000000000001,7.0,57.84416666666668
1.15,5.800000000000001,7.300000000000001,58.36196666666668
1.15,5.800000000000001,7.6000000000000005,58.87976666666668
1.15,5.800000000000001,7.9,59.397566666666684
1.15,5.800000000000001,8.200000000000001,59.915366666666685
1.15,5.800000000000001,8.5,60.43316666666667
1.15,5.800000000000001,8.8,60.95096666666667
1.15,5.800000000000001,9.100000000000001,61.468766666666674
1.15,5.800000000000001,9.4,61.986566666666675
1.15,5.800000000000001,9.7,62.50436666666667
1.15,5.800000000000001,10.0,63.02216666666667
1.15,6.1000000000000005,4.0,51.866666666666696
1.15,6.1000000000000005,4.3,52.404716666666694
1.15,6.1000000000000005,4.6,52.94276666666669
1.15,6.1000000000000005,4.9,53.4808166666667
1.15,6.1000000000000005,5.2,54.018866666666696
1.15,6.1000000000000005,5.5,54.55691666666669
1.15,6.1000000000000005,5.800000000000001,55.094966666666686
1.15,6.1000000000000005,6.1000000000000005,55.633016666666684
1.15,6.1000000000000005,6.4,56.17106666666669
1.15,6.1000000000000005,6.7,56.70911666666669
1.15,6.1000000000000005,7.0,57.247166666666686
1.15,6.1000000000000005,7.300000000000001,57.785216666666685
1.15,6.1000000000000005,7.6000000000000005,58.32326666666669
1.15,6.1000000000000005,7.9,58.86131666666669
1.15,6.1000000000000005,8.200000000000001,59.39936666666669
1.15,6.1000000000000005,8.5,59.93741666666668
1.15,6.1000000000000005,8.8,60.47546666666668
1.15,6.1000000000000005,9.100000000000001,61.013516666666675
1.15,6.1000000000000005,9.4,61.55156666666668
1.15,6.1000000000000005,9.7,62.08961666666668
1.15,6.1000000000000005,10.0,62.62766666666668
1.15,6.4,4.0,51.06716666666669
1.15,6.4,4.3,51.62546666666669
1.15,6.4,4.6,52.18376666666669
1.15,6.4,4.9,52.74206666666669
1.15,6.4,5.2,53.30036666666668
1.15,6.4,5.5,53.858666666666686
1.15,6.4,5.800000000000001,54.41696666666668
1.15,6.4,6.1000000000000005,54.975266666666684
1.15,6.4,6.4,55.53356666666668
1.15,6.4,6.7,56.09186666666668
1.15,6.4,7.0,56.650166666666685
1.15,6.4,7.300000000000001,57.20846666666668
1.15,6.4,7.6000000000000005,57.76676666666668
1.15,6.4,7.9,58.325066666666686
1.15,6.4,8.200000000000001,58.88336666666668
1.15,6.4,8.5,59.44166666666668
1.15,6.4,8.8,59.99996666666668
1.15,6.4,9.100000000000001,60.558266666666675
1.15,6.4,9.4,61.11656666666668
1.15,6.4,9.7,61.674866666666674
1.15,6.4,10.0,62.233166666666676
1.15,6.7,4.0,50.26766666666669
1.15,6.7,4.3,50.84621666666669
1.15,6.7,4.6,51.42476666666669
1.15,6.7,4.9,52.00331666666669
1.15,6.7,5.2,52.581866666666684
1.15,6.7,5.5,53.160416666666684
1.15,6.7,5.800000000000001,53.738966666666684
1.15,6.7,6.1000000000000005,54.317516666666684
1.15,6.7,6.4,54.896066666666684
1.15,6.7,6.7,55.474616666666684
1.15,6.7,7.0,56.053166666666684
1.15,6.7,7.300000000000001,56.631716666666684
1.15,6.7,7.6000000000000005,57.21026666666669
1.15,6.7,7.9,57.78881666666669
1.15,6.7,8.200000000000001,58.36736666666669
1.15,6.7,8.5,58.94591666666668
1.15,6.7,8.8,59.52446666666668
1.15,6.7,9.100000000000001,60.10301666666668
1.15,6.7,9.4,60.68156666666668
1.15,6.7,9.7,61.26011666666668
1.15,6.7,10.0,61.83866666666668
1.15,7.0,4.0,49.46816666666668
1.15,7.0,4.3,50.06696666666669
1.15,7.0,4.6,50.665766666666684
1.15,7.0,4.9,51.26456666666669
1.15,7.0,5.2,51.863366666666685
1.15,7.0,5.5,52.46216666666668
1.15,7.0,5.800000000000001,53.06096666666668
1.15,7.0,6.1000000000000005,53.659766666666684
1.15,7.0,6.4,54.25856666666668
1.15,7.0,6.7,54.857366666666685
1.15,7.0,7.0,55.45616666666668
1.15,7.0,7.300000000000001,56.05496666666669
1.15,7.0,7.6000000000000005,56.653766666666684
1.15,7.0,7.9,57.25256666666668
1.15,7.0,8.200000000000001,57.851366666666685
1.15,7.0,8.5,58.450166666666675
1.15,7.0,8.8,59.04896666666668
1.15,7.0,9.100000000000001,59.647766666666676
1.15,7.0,9.4,60.24656666666668
1.15,7.0,9.7,60.84536666666668
1.15,7.0,10.0,61.44416666666668
1.15,7.300000000000001,4.0,48.66866666666668
1.15,7.300000000000001,4.3,49.287716666666675
1.15,7.300000000000001,4.6,49.90676666666668
1.15,7.300000000000001,4.9,50.52581666666668
1.15,7.300000000000001,5.2,51.14486666666667
1.15,7.300000000000001,5.5,51.763916666666674
1.15,7.300000000000001,5.800000000000001,52.382966666666675
1.15,7.300000000000001,6.1000000000000005,53.00201666666668
1.15,7.300000000000001,6.4,53.62106666666668
1.15,7.300000000000001,6.7,54.24011666666668
1.15,7.300000000000001,7.0,54.85916666666668
1.15,7.300000000000001,7.300000000000001,55.47821666666668
1.15,7.300000000000001,7.6000000000000005,56.097266666666684
1.15,7.300000000000001,7.9,56.71631666666668
1.15,7.300000000000001,8.200000000000001,57.33536666666668
1.15,7.300000000000001,8.5,57.954416666666674
1.15,7.300000000000001,8.8,58.573466666666675
1.15,7.300000000000001,9.100000000000001,59.19251666666668
1.15,7.300000000000001,9.4,59.81156666666668
1.15,7.300000000000001,9.7,60.43061666666668
1.15,7.300000000000001,10.0,61.04966666666668
1.15,7.6000000000000005,4.0,47.86916666666668
1.15,7.6000000000000005,4.3,48.50846666666668
1.15,7.6000000000000005,4.6,49.14776666666668
1.15,7.6000000000000005,4.9,49.78706666666668
1.15,7.6000000000000005,5.2,50.426366666666674
1.15,7.6000000000000005,5.5,51.06566666666668
1.15,7.6000000000000005,5.800000000000001,51.70496666666668
1.15,7.6000000000000005,6.1000000000000005,52.34426666666668
1.15,7.6000000000000005,6.4,52.98356666666668
1.15,7.6000000000000005,6.7,53.62286666666668
1.15,7.6000000000000005,7.0,54.26216666666668
1.15,7.6000000000000005,7.300000000000001,54.901466666666686
1.15,7.6000000000000005,7.6000000000000005,55.540766666666684
1.15,7.6000000000000005,7.9,56.18006666666668
1.15,7.6000000000000005,8.200000000000001,56.81936666666669
1.15,7.6000000000000005,8.5,57.45866666666668
1.15,7.6000000000000005,8.8,58.09796666666668
1.15,7.6000000000000005,9.100000000000001,58.737266666666685
1.15,7.6000000000000005,9.4,59.37656666666668
1.15,7.6000000000000005,9.7,60.01586666666668
1.15,7.6000000000000005,10.0,60.65516666666669
1.15,7.9,4.0,47.06966666666667
1.15,7.9,4.3,47.72921666666667
1.15,7.9,4.6,48.388766666666676
1.15,7.9,4.9,49.04831666666668
1.15,7.9,5.2,49.707866666666675
1.15,7.9,5.5,50.36741666666667
1.15,7.9,5.800000000000001,51.026966666666674
1.15,7.9,6.1000000000000005,51.68651666666668
1.15,7.9,6.4,52.34606666666667
1.15,7.9,6.7,53.005616666666675
1.15,7.9,7.0,53.66516666666668
1.15,7.9,7.300000000000001,54.32471666666668
1.15,7.9,7.6000000000000005,54.984266666666684
1.15,7.9,7.9,55.64381666666668
1.15,7.9,8.200000000000001,56.30336666666668
1.15,7.9,8.5,56.96291666666668
1.15,7.9,8.8,57.62246666666668
1.15,7.9,9.100000000000001,58.28201666666668
1.15,7.9,9.4,58.94156666666668
1.15,7.9,9.7,59.601116666666684
1.15,7.9,10.0,60.26066666666669
1.15,8.200000000000001,4.0,46.27016666666667
1.15,8.200000000000001,4.3,46.94996666666667
1.15,8.200000000000001,4.6,47.62976666666667
1.15,8.200000000000001,4.9,48.30956666666667
1.15,8.200000000000001,5.2,48.98936666666666
1.15,8.200000000000001,5.5,49.66916666666667
1.15,8.200000000000001,5.800000000000001,50.34896666666667
1.15,8.200000000000001,6.1000000000000005,51.02876666666667
1.15,8.200000000000001,6.4,51.70856666666667
1.15,8.200000000000001,6.7,52.38836666666667
1.15,8.200000000000001,7.0,53.06816666666668
1.15,8.200000000000001,7.300000000000001,53.74796666666668
1.15,8.200000000000001,7.6000000000000005,54.42776666666668
1.15,8.200000000000001,7.9,55.10756666666668
1.15,8.200000000000001,8.200000000000001,55.78736666666668
1.15,8.200000000000001,8.5,56.46716666666668
1.15,8.200000000000001,8.8,57.14696666666668
1.15,8.200000000000001,9.100000000000001,57.82676666666668
1.15,8.200000000000001,9.4,58.50656666666668
1.15,8.200000000000001,9.7,59.186366666666686
1.15,8.200000000000001,10.0,59.866166666666686
1.15,8.5,4.0,45.470666666666666
1.15,8.5,4.3,46.17071666666667
1.15,8.5,4.6,46.87076666666667
1.15,8.5,4.9,47.57081666666667
1.15,8.5,5.2,48.27086666666666
1.15,8.5,5.5,48.97091666666667
1.15,8.5,5.800000000000001,49.67096666666667
1.15,8.5,6.1000000000000005,50.37101666666667
1.15,8.5,6.4,51.071066666666674
1.15,8.5,6.7,51.77111666666668
1.15,8.5,7.0,52.471166666666676
1.15,8.5,7.300000000000001,53.17121666666668
1.15,8.5,7.6000000000000005,53.871266666666685
1.15,8.5,7.9,54.57131666666668
1.15,8.5,8.200000000000001,55.27136666666669
1.15,8.5,8.5,55.97141666666668
1.15,8.5,8.8,56.67146666666668
1.15,8.5,9.100000000000001,57.371516666666686
1.15,8.5,9.4,58.07156666666668
1.15,8.5,9.7,58.77161666666669
1.15,8.5,10.0,59.47166666666669
1.15,8.8,4.0,44.67116666666666
1.15,8.8,4.3,45.39146666666666
1.15,8.8,4.6,46.11176666666666
1.15,8.8,4.9,46.83206666666667
1.15,8.8,5.2,47.55236666666667
1.15,8.8,5.5,48.272666666666666
1.15,8.8,5.800000000000001,48.99296666666667
1.15,8.8,6.1000000000000005,49.71326666666667
1.15,8.8,6.4,50.43356666666667
1.15,8.8,6.7,51.15386666666667
1.15,8.8,7.0,51.874166666666675
1.15,8.8,7.300000000000001,52.594466666666676
1.15,8.8,7.6000000000000005,53.31476666666668
1.15,8.8,7.9,54.03506666666668
1.15,8.8,8.200000000000001,54.75536666666668
1.15,8.8,8.5,55.475666666666676
1.15,8.8,8.8,56.19596666666668
1.15,8.8,9.100000000000001,56.91626666666668
1.15,8.8,9.4,57.63656666666668
1.15,8.8,9.7,58.35686666666669
1.15,8.8,10.0,59.077166666666685
1.15,9.100000000000001,4.0,43.87166666666666
1.15,9.100000000000001,4.3,44.61221666666666
1.15,9.100000000000001,4.6,45.35276666666667
1.15,9.100000000000001,4.9,46.09331666666667
1.15,9.100000000000001,5.2,46.83386666666667
1.15,9.100000000000001,5.5,47.574416666666664
1.15,9.100000000000001,5.800000000000001,48.31496666666667
1.15,9.100000000000001,6.1000000000000005,49.05551666666667
1.15,9.100000000000001,6.4,49.796066666666675
1.15,9.100000000000001,6.7,50.536616666666674
1.15,9.100000000000001,7.0,51.27716666666668
1.15,9.100000000000001,7.300000000000001,52.01771666666668
1.15,9.100000000000001,7.6000000000000005,52.758266666666685
1.15,9.100000000000001,7.9,53.498816666666684
1.15,9.100000000000001,8.200000000000001,54.23936666666669
1.15,9.100000000000001,8.5,54.97991666666668
1.15,9.100000000000001,8.8,55.72046666666668
1.15,9.100000000000001,9.100000000000001,56.46101666666669
1.15,9.100000000000001,9.4,57.201566666666686
1.15,9.100000000000001,9.7,57.94211666666669
1.15,9.100000000000001,10.0,58.68266666666669
1.15,9.4,4.3,43.83296666666666
1.15,9.4,4.6,44.59376666666666
1.15,9.4,4.9,45.35456666666666
1.15,9.4,5.2,46.11536666666666
1.15,9.4,5.5,46.87616666666666
1.15,9.4,5.800000000000001,47.636966666666666
1.15,9.4,6.1000000000000005,48.39776666666667
1.15,9.4,6.4,49.158566666666665
1.15,9.4,6.7,49.91936666666667
1.15,9.4,7.0,50.68016666666667
1.15,9.4,7.300000000000001,51.440966666666675
1.15,9.4,7.6000000000000005,52.20176666666668
1.15,9.4,7.9,52.96256666666668
1.15,9.4,8.200000000000001,53.723366666666685
1.15,9.4,8.5,54.48416666666668
1.15,9.4,8.8,55.244966666666684
1.15,9.4,9.100000000000001,56.00576666666669
1.15,9.4,9.4,56.76656666666669
1.15,9.4,9.7,57.527366666666694
1.15,9.7,4.6,43.83476666666666
1.15,9.7,4.9,44.61581666666667
1.15,9.7,5.2,45.39686666666666
1.15,9.7,5.5,46.17791666666666
1.15,9.7,5.800000000000001,46.95896666666667
1.15,9.7,6.1000000000000005,47.74001666666667
1.15,9.7,6.4,48.52106666666667
1.15,9.7,6.7,49.30211666666668
1.15,9.7,7.0,50.08316666666668
1.15,9.7,7.300000000000001,50.86421666666668
1.15,9.7,7.6000000000000005,51.645266666666686
1.15,9.7,7.9,52.426316666666686
1.15,9.7,8.200000000000001,53.20736666666669
1.15,9.7,8.5,53.98841666666669
1.15,9.7,8.8,54.76946666666669
1.15,9.7,9.100000000000001,55.55051666666669
1.15,9.7,9.4,56.331566666666696
1.15,10.0,4.9,43.87706666666666
1.15,10.0,5.2,44.67836666666666
1.15,10.0,5.5,45.47966666666666
1.15,10.0,5.800000000000001,46.28096666666666
1.15,10.0,6.1000000000000005,47.08226666666666
1.15,10.0,6.4,47.88356666666667
1.15,10.0,6.7,48.68486666666667
1.15,10.0,7.0,49.486166666666676
1.15,10.0,7.300000000000001,50.287466666666674
1.15,10.0,7.6000000000000005,51.08876666666668
1.15,10.0,7.9,51.890066666666684
1.15,10.0,8.200000000000001,52.69136666666669
1.15,10.0,8.5,53.49266666666668
1.15,10.0,8.8,54.293966666666684
1.15,10.0,9.100000000000001,55.09526666666669
1.2000000000000002,4.0,5.2,58.80476666666671
1.2000000000000002,4.0,5.5,59.271666666666704
1.2000000000000002,4.0,5.800000000000001,59.7385666666667
1.2000000000000002,4.0,6.1000000000000005,60.205466666666695
1.2000000000000002,4.0,6.4,60.6723666666667
1.2000000000000002,4.0,6.7,61.13926666666669
1.2000000000000002,4.0,7.0,61.606166666666695
1.2000000000000002,4.0,7.300000000000001,62.07306666666668
1.2000000000000002,4.0,7.6000000000000005,62.53996666666668
1.2000000000000002,4.0,7.9,63.00686666666668
1.2000000000000002,4.0,8.200000000000001,63.47376666666668
1.2000000000000002,4.0,8.5,63.94066666666667
1.2000000000000002,4.0,8.8,64.40756666666667
1.2000000000000002,4.3,4.9,57.65136666666671
1.2000000000000002,4.3,5.2,58.1385166666667
1.2000000000000002,4.3,5.5,58.625666666666696
1.2000000000000002,4.3,5.800000000000001,59.112816666666696
1.2000000000000002,4.3,6.1000000000000005,59.599966666666695
1.2000000000000002,4.3,6.4,60.08711666666669
1.2000000000000002,4.3,6.7,60.57426666666669
1.2000000000000002,4.3,7.0,61.06141666666669
1.2000000000000002,4.3,7.300000000000001,61.54856666666669
1.2000000000000002,4.3,7.6000000000000005,62.03571666666669
1.2000000000000002,4.3,7.9,62.52286666666669
1.2000000000000002,4.3,8.200000000000001,63.01001666666668
1.2000000000000002,4.3,8.5,63.49716666666668
1.2000000000000002,4.3,8.8,63.98431666666668
1.2000000000000002,4.3,9.100000000000001,64.47146666666667
1.2000000000000002,4.6,4.6,56.45746666666671
1.2000000000000002,4.6,4.9,56.96486666666671
1.2000000000000002,4.6,5.2,57.472266666666705
1.2000000000000002,4.6,5.5,57.9796666666667
1.2000000000000002,4.6,5.800000000000001,58.4870666666667
1.2000000000000002,4.6,6.1000000000000005,58.994466666666696
1.2000000000000002,4.6,6.4,59.50186666666669
1.2000000000000002,4.6,6.7,60.00926666666669
1.2000000000000002,4.6,7.0,60.516666666666694
1.2000000000000002,4.6,7.300000000000001,61.02406666666669
1.2000000000000002,4.6,7.6000000000000005,61.53146666666669
1.2000000000000002,4.6,7.9,62.038866666666685
1.2000000000000002,4.6,8.200000000000001,62.54626666666669
1.2000000000000002,4.6,8.5,63.053666666666686
1.2000000000000002,4.6,8.8,63.56106666666668
1.2000000000000002,4.6,9.100000000000001,64.06846666666668
1.2000000000000002,4.6,9.4,64.57586666666668
1.2000000000000002,4.9,4.3,55.2230666666667
1.2000000000000002,4.9,4.6,55.750716666666705
1.2000000000000002,4.9,4.9,56.278366666666706
1.2000000000000002,4.9,5.2,56.8060166666667
1.2000000000000002,4.9,5.5,57.333666666666694
1.2000000000000002,4.9,5.800000000000001,57.861316666666696
1.2000000000000002,4.9,6.1000000000000005,58.38896666666669
1.2000000000000002,4.9,6.4,58.91661666666669
1.2000000000000002,4.9,6.7,59.44426666666669
1.2000000000000002,4.9,7.0,59.97191666666669
1.2000000000000002,4.9,7.300000000000001,60.49956666666669
1.2000000000000002,4.9,7.6000000000000005,61.02721666666669
1.2000000000000002,4.9,7.9,61.55486666666668
1.2000000000000002,4.9,8.200000000000001,62.082516666666685
1.2000000000000002,4.9,8.5,62.61016666666668
1.2000000000000002,4.9,8.8,63.13781666666667
1.2000000000000002,4.9,9.100000000000001,63.665466666666674
1.2000000000000002,4.9,9.4,64.19311666666667
1.2000000000000002,4.9,9.7,64.72076666666668
1.2000000000000002,5.2,4.0,53.94816666666671
1.2000000000000002,5.2,4.3,54.49606666666671
1.2000000000000002,5.2,4.6,55.043966666666705
1.2000000000000002,5.2,4.9,55.591866666666704
1.2000000000000002,5.2,5.2,56.1397666666667
1.2000000000000002,5.2,5.5,56.68766666666669
1.2000000000000002,5.2,5.800000000000001,57.23556666666669
1.2000000000000002,5.2,6.1000000000000005,57.7834666666667
1.2000000000000002,5.2,6.4,58.331366666666696
1.2000000000000002,5.2,6.7,58.879266666666695
1.2000000000000002,5.2,7.0,59.42716666666669
1.2000000000000002,5.2,7.300000000000001,59.97506666666669
1.2000000000000002,5.2,7.6000000000000005,60.52296666666669
1.2000000000000002,5.2,7.9,61.07086666666669
1.2000000000000002,5.2,8.200000000000001,61.61876666666669
1.2000000000000002,5.2,8.5,62.16666666666668
1.2000000000000002,5.2,8.8,62.71456666666668
1.2000000000000002,5.2,9.100000000000001,63.262466666666676
1.2000000000000002,5.2,9.4,63.810366666666674
1.2000000000000002,5.2,9.7,64.35826666666668
1.2000000000000002,5.2,10.0,64.90616666666668
1.2000000000000002,5.5,4.0,53.2009166666667
1.2000000000000002,5.5,4.3,53.7690666666667
1.2000000000000002,5.5,4.6,54.3372166666667
1.2000000000000002,5.5,4.9,54.9053666666667
1.2000000000000002,5.5,5.2,55.4735166666667
1.2000000000000002,5.5,5.5,56.04166666666669
1.2000000000000002,5.5,5.800000000000001,56.60981666666669
1.2000000000000002,5.5,6.1000000000000005,57.17796666666669
1.2000000000000002,5.5,6.4,57.74611666666669
1.2000000000000002,5.5,6.7,58.31426666666669
1.2000000000000002,5.5,7.0,58.882416666666686
1.2000000000000002,5.5,7.300000000000001,59.45056666666669
1.2000000000000002,5.5,7.6000000000000005,60.018716666666684
1.2000000000000002,5.5,7.9,60.58686666666669
1.2000000000000002,5.5,8.200000000000001,61.15501666666668
1.2000000000000002,5.5,8.5,61.723166666666685
1.2000000000000002,5.5,8.8,62.291316666666674
1.2000000000000002,5.5,9.100000000000001,62.85946666666668
1.2000000000000002,5.5,9.4,63.42761666666667
1.2000000000000002,5.5,9.7,63.995766666666675
1.2000000000000002,5.5,10.0,64.56391666666667
1.2000000000000002,5.800000000000001,4.0,52.45366666666669
1.2000000000000002,5.800000000000001,4.3,53.04206666666669
1.2000000000000002,5.800000000000001,4.6,53.63046666666669
1.2000000000000002,5.800000000000001,4.9,54.21886666666669
1.2000000000000002,5.800000000000001,5.2,54.80726666666669
1.2000000000000002,5.800000000000001,5.5,55.395666666666685
1.2000000000000002,5.800000000000001,5.800000000000001,55.984066666666685
1.2000000000000002,5.800000000000001,6.1000000000000005,56.572466666666685
1.2000000000000002,5.800000000000001,6.4,57.160866666666685
1.2000000000000002,5.800000000000001,6.7,57.749266666666685
1.2000000000000002,5.800000000000001,7.0,58.337666666666685
1.2000000000000002,5.800000000000001,7.300000000000001,58.926066666666685
1.2000000000000002,5.800000000000001,7.6000000000000005,59.514466666666685
1.2000000000000002,5.800000000000001,7.9,60.102866666666685
1.2000000000000002,5.800000000000001,8.200000000000001,60.691266666666685
1.2000000000000002,5.800000000000001,8.5,61.27966666666668
1.2000000000000002,5.800000000000001,8.8,61.86806666666668
1.2000000000000002,5.800000000000001,9.100000000000001,62.45646666666667
1.2000000000000002,5.800000000000001,9.4,63.04486666666667
1.2000000000000002,5.800000000000001,9.7,63.63326666666667
1.2000000000000002,5.800000000000001,10.0,64.22166666666668
1.2000000000000002,6.1000000000000005,4.0,51.7064166666667
1.2000000000000002,6.1000000000000005,4.3,52.315066666666695
1.2000000000000002,6.1000000000000005,4.6,52.92371666666669
1.2000000000000002,6.1000000000000005,4.9,53.5323666666667
1.2000000000000002,6.1000000000000005,5.2,54.141016666666694
1.2000000000000002,6.1000000000000005,5.5,54.74966666666669
1.2000000000000002,6.1000000000000005,5.800000000000001,55.35831666666669
1.2000000000000002,6.1000000000000005,6.1000000000000005,55.966966666666686
1.2000000000000002,6.1000000000000005,6.4,56.57561666666669
1.2000000000000002,6.1000000000000005,6.7,57.18426666666669
1.2000000000000002,6.1000000000000005,7.0,57.792916666666684
1.2000000000000002,6.1000000000000005,7.300000000000001,58.40156666666669
1.2000000000000002,6.1000000000000005,7.6000000000000005,59.010216666666686
1.2000000000000002,6.1000000000000005,7.9,59.61886666666669
1.2000000000000002,6.1000000000000005,8.200000000000001,60.22751666666669
1.2000000000000002,6.1000000000000005,8.5,60.83616666666668
1.2000000000000002,6.1000000000000005,8.8,61.44481666666668
1.2000000000000002,6.1000000000000005,9.100000000000001,62.05346666666668
1.2000000000000002,6.1000000000000005,9.4,62.66211666666668
1.2000000000000002,6.1000000000000005,9.7,63.27076666666668
1.2000000000000002,6.1000000000000005,10.0,63.87941666666668
1.2000000000000002,6.4,4.0,50.95916666666669
1.2000000000000002,6.4,4.3,51.58806666666669
1.2000000000000002,6.4,4.6,52.21696666666669
1.2000000000000002,6.4,4.9,52.84586666666669
1.2000000000000002,6.4,5.2,53.47476666666669
1.2000000000000002,6.4,5.5,54.10366666666668
1.2000000000000002,6.4,5.800000000000001,54.732566666666685
1.2000000000000002,6.4,6.1000000000000005,55.361466666666686
1.2000000000000002,6.4,6.4,55.99036666666668
1.2000000000000002,6.4,6.7,56.61926666666668
1.2000000000000002,6.4,7.0,57.248166666666684
1.2000000000000002,6.4,7.300000000000001,57.877066666666686
1.2000000000000002,6.4,7.6000000000000005,58.50596666666669
1.2000000000000002,6.4,7.9,59.13486666666668
1.2000000000000002,6.4,8.200000000000001,59.76376666666668
1.2000000000000002,6.4,8.5,60.392666666666685
1.2000000000000002,6.4,8.8,61.02156666666668
1.2000000000000002,6.4,9.100000000000001,61.65046666666668
1.2000000000000002,6.4,9.4,62.279366666666675
1.2000000000000002,6.4,9.7,62.90826666666668
1.2000000000000002,6.4,10.0,63.53716666666668
1.2000000000000002,6.7,4.0,50.21191666666669
1.2000000000000002,6.7,4.3,50.86106666666669
1.2000000000000002,6.7,4.6,51.51021666666669
1.2000000000000002,6.7,4.9,52.15936666666669
1.2000000000000002,6.7,5.2,52.80851666666669
1.2000000000000002,6.7,5.5,53.45766666666668
1.2000000000000002,6.7,5.800000000000001,54.10681666666669
1.2000000000000002,6.7,6.1000000000000005,54.75596666666669
1.2000000000000002,6.7,6.4,55.405116666666686
1.2000000000000002,6.7,6.7,56.054266666666685
1.2000000000000002,6.7,7.0,56.70341666666668
1.2000000000000002,6.7,7.300000000000001,57.35256666666669
1.2000000000000002,6.7,7.6000000000000005,58.00171666666669
1.2000000000000002,6.7,7.9,58.65086666666669
1.2000000000000002,6.7,8.200000000000001,59.300016666666686
1.2000000000000002,6.7,8.5,59.94916666666669
1.2000000000000002,6.7,8.8,60.59831666666668
1.2000000000000002,6.7,9.100000000000001,61.24746666666668
1.2000000000000002,6.7,9.4,61.89661666666668
1.2000000000000002,6.7,9.7,62.54576666666668
1.2000000000000002,6.7,10.0,63.194916666666686
1.2000000000000002,7.0,4.0,49.46466666666668
1.2000000000000002,7.0,4.3,50.13406666666668
1.2000000000000002,7.0,4.6,50.80346666666669
1.2000000000000002,7.0,4.9,51.47286666666668
1.2000000000000002,7.0,5.2,52.142266666666686
1.2000000000000002,7.0,5.5,52.81166666666668
1.2000000000000002,7.0,5.800000000000001,53.48106666666668
1.2000000000000002,7.0,6.1000000000000005,54.15046666666668
1.2000000000000002,7.0,6.4,54.819866666666684
1.2000000000000002,7.0,6.7,55.48926666666668
1.2000000000000002,7.0,7.0,56.15866666666668
1.2000000000000002,7.0,7.300000000000001,56.828066666666686
1.2000000000000002,7.0,7.6000000000000005,57.49746666666668
1.2000000000000002,7.0,7.9,58.166866666666685
1.2000000000000002,7.0,8.200000000000001,58.83626666666669
1.2000000000000002,7.0,8.5,59.50566666666668
1.2000000000000002,7.0,8.8,60.17506666666668
1.2000000000000002,7.0,9.100000000000001,60.84446666666668
1.2000000000000002,7.0,9.4,61.51386666666668
1.2000000000000002,7.0,9.7,62.18326666666668
1.2000000000000002,7.0,10.0,62.852666666666686
1.2000000000000002,7.300000000000001,4.0,48.71741666666668
1.2000000000000002,7.300000000000001,4.3,49.40706666666668
1.2000000000000002,7.300000000000001,4.6,50.09671666666668
1.2000000000000002,7.300000000000001,4.9,50.78636666666668
1.2000000000000002,7.300000000000001,5.2,51.47601666666668
1.2000000000000002,7.300000000000001,5.5,52.165666666666674
1.2000000000000002,7.300000000000001,5.800000000000001,52.855316666666674
1.2000000000000002,7.300000000000001,6.1000000000000005,53.544966666666674
1.2000000000000002,7.300000000000001,6.4,54.234616666666675
1.2000000000000002,7.300000000000001,6.7,54.924266666666675
1.2000000000000002,7.300000000000001,7.0,55.61391666666668
1.2000000000000002,7.300000000000001,7.300000000000001,56.30356666666668
1.2000000000000002,7.300000000000001,7.6000000000000005,56.99321666666668
1.2000000000000002,7.300000000000001,7.9,57.68286666666668
1.2000000000000002,7.300000000000001,8.200000000000001,58.372516666666684
1.2000000000000002,7.300000000000001,8.5,59.062166666666684
1.2000000000000002,7.300000000000001,8.8,59.75181666666668
1.2000000000000002,7.300000000000001,9.100000000000001,60.44146666666668
1.2000000000000002,7.300000000000001,9.4,61.13111666666668
1.2000000000000002,7.300000000000001,9.7,61.82076666666668
1.2000000000000002,7.300000000000001,10.0,62.51041666666668
1.2000000000000002,7.6000000000000005,4.0,47.97016666666668
1.2000000000000002,7.6000000000000005,4.3,48.680066666666676
1.2000000000000002,7.6000000000000005,4.6,49.38996666666668
1.2000000000000002,7.6000000000000005,4.9,50.099866666666685
1.2000000000000002,7.6000000000000005,5.2,50.80976666666668
1.2000000000000002,7.6000000000000005,5.5,51.51966666666668
1.2000000000000002,7.6000000000000005,5.800000000000001,52.22956666666668
1.2000000000000002,7.6000000000000005,6.1000000000000005,52.93946666666668
1.2000000000000002,7.6000000000000005,6.4,53.64936666666668
1.2000000000000002,7.6000000000000005,6.7,54.359266666666684
1.2000000000000002,7.6000000000000005,7.0,55.06916666666668
1.2000000000000002,7.6000000000000005,7.300000000000001,55.77906666666669
1.2000000000000002,7.6000000000000005,7.6000000000000005,56.488966666666684
1.2000000000000002,7.6000000000000005,7.9,57.19886666666669
1.2000000000000002,7.6000000000000005,8.200000000000001,57.908766666666686
1.2000000000000002,7.6000000000000005,8.5,58.61866666666669
1.2000000000000002,7.6000000000000005,8.8,59.32856666666668
1.2000000000000002,7.6000000000000005,9.100000000000001,60.038466666666686
1.2000000000000002,7.6000000000000005,9.4,60.74836666666668
1.2000000000000002,7.6000000000000005,9.7,61.45826666666669
1.2000000000000002,7.6000000000000005,10.0,62.168166666666686
1.2000000000000002,7.9,4.0,47.22291666666667
1.2000000000000002,7.9,4.3,47.95306666666667
1.2000000000000002,7.9,4.6,48.683216666666674
1.2000000000000002,7.9,4.9,49.413366666666676
1.2000000000000002,7.9,5.2,50.14351666666668
1.2000000000000002,7.9,5.5,50.87366666666667
1.2000000000000002,7.9,5.800000000000001,51.603816666666674
1.2000000000000002,7.9,6.1000000000000005,52.333966666666676
1.2000000000000002,7.9,6.4,53.06411666666668
1.2000000000000002,7.9,6.7,53.79426666666668
1.2000000000000002,7.9,7.0,54.52441666666668
1.2000000000000002,7.9,7.300000000000001,55.25456666666668
1.2000000000000002,7.9,7.6000000000000005,55.984716666666685
1.2000000000000002,7.9,7.9,56.71486666666668
1.2000000000000002,7.9,8.200000000000001,57.44501666666668
1.2000000000000002,7.9,8.5,58.17516666666668
1.2000000000000002,7.9,8.8,58.90531666666668
1.2000000000000002,7.9,9.100000000000001,59.63546666666668
1.2000000000000002,7.9,9.4,60.36561666666668
1.2000000000000002,7.9,9.7,61.095766666666684
1.2000000000000002,7.9,10.0,61.825916666666686
1.2000000000000002,8.200000000000001,4.0,46.47566666666667
1.2000000000000002,8.200000000000001,4.3,47.22606666666667
1.2000000000000002,8.200000000000001,4.6,47.97646666666667
1.2000000000000002,8.200000000000001,4.9,48.72686666666667
1.2000000000000002,8.200000000000001,5.2,49.47726666666667
1.2000000000000002,8.200000000000001,5.5,50.227666666666664
1.2000000000000002,8.200000000000001,5.800000000000001,50.97806666666667
1.2000000000000002,8.200000000000001,6.1000000000000005,51.72846666666667
1.2000000000000002,8.200000000000001,6.4,52.47886666666667
1.2000000000000002,8.200000000000001,6.7,53.229266666666675
1.2000000000000002,8.200000000000001,7.0,53.979666666666674
1.2000000000000002,8.200000000000001,7.300000000000001,54.73006666666668
1.2000000000000002,8.200000000000001,7.6000000000000005,55.48046666666668
1.2000000000000002,8.200000000000001,7.9,56.23086666666668
1.2000000000000002,8.200000000000001,8.200000000000001,56.981266666666684
1.2000000000000002,8.200000000000001,8.5,57.73166666666668
1.2000000000000002,8.200000000000001,8.8,58.482066666666675
1.2000000000000002,8.200000000000001,9.100000000000001,59.23246666666668
1.2000000000000002,8.200000000000001,9.4,59.98286666666668
1.2000000000000002,8.200000000000001,9.7,60.73326666666669
1.2000000000000002,8.200000000000001,10.0,61.483666666666686
1.2000000000000002,8.5,4.0,45.72841666666667
1.2000000000000002,8.5,4.3,46.499066666666664
1.2000000000000002,8.5,4.6,47.26971666666667
1.2000000000000002,8.5,4.9,48.04036666666667
1.2000000000000002,8.5,5.2,48.811016666666674
1.2000000000000002,8.5,5.5,49.58166666666667
1.2000000000000002,8.5,5.800000000000001,50.352316666666674
1.2000000000000002,8.5,6.1000000000000005,51.12296666666667
1.2000000000000002,8.5,6.4,51.893616666666674
1.2000000000000002,8.5,6.7,52.66426666666668
1.2000000000000002,8.5,7.0,53.43491666666668
1.2000000000000002,8.5,7.300000000000001,54.205566666666684
1.2000000000000002,8.5,7.6000000000000005,54.97621666666668
1.2000000000000002,8.5,7.9,55.74686666666668
1.2000000000000002,8.5,8.200000000000001,56.51751666666669
1.2000000000000002,8.5,8.5,57.28816666666669
1.2000000000000002,8.5,8.8,58.05881666666669
1.2000000000000002,8.5,9.100000000000001,58.82946666666668
1.2000000000000002,8.5,9.4,59.600116666666686
1.2000000000000002,8.5,9.7,60.37076666666669
1.2000000000000002,8.5,10.0,61.14141666666669
1.2000000000000002,8.8,4.0,44.98116666666666
1.2000000000000002,8.8,4.3,45.77206666666666
1.2000000000000002,8.8,4.6,46.56296666666666
1.2000000000000002,8.8,4.9,47.35386666666667
1.2000000000000002,8.8,5.2,48.14476666666667
1.2000000000000002,8.8,5.5,48.93566666666666
1.2000000000000002,8.8,5.800000000000001,49.72656666666666
1.2000000000000002,8.8,6.1000000000000005,50.51746666666667
1.2000000000000002,8.8,6.4,51.30836666666667
1.2000000000000002,8.8,6.7,52.09926666666667
1.2000000000000002,8.8,7.0,52.89016666666667
1.2000000000000002,8.8,7.300000000000001,53.68106666666668
1.2000000000000002,8.8,7.6000000000000005,54.47196666666668
1.2000000000000002,8.8,7.9,55.26286666666668
1.2000000000000002,8.8,8.200000000000001,56.05376666666668
1.2000000000000002,8.8,8.5,56.844666666666676
1.2000000000000002,8.8,8.8,57.63556666666668
1.2000000000000002,8.8,9.100000000000001,58.426466666666684
1.2000000000000002,8.8,9.4,59.217366666666685
1.2000000000000002,8.8,9.7,60.008266666666685
1.2000000000000002,8.8,10.0,60.79916666666669
1.2000000000000002,9.100000000000001,4.3,45.04506666666666
1.2000000000000002,9.100000000000001,4.6,45.85621666666667
1.2000000000000002,9.100000000000001,4.9,46.667366666666666
1.2000000000000002,9.100000000000001,5.2,47.47851666666667
1.2000000000000002,9.100000000000001,5.5,48.28966666666667
1.2000000000000002,9.100000000000001,5.800000000000001,49.10081666666667
1.2000000000000002,9.100000000000001,6.1000000000000005,49.91196666666667
1.2000000000000002,9.100000000000001,6.4,50.72311666666668
1.2000000000000002,9.100000000000001,6.7,51.534266666666674
1.2000000000000002,9.100000000000001,7.0,52.34541666666668
1.2000000000000002,9.100000000000001,7.300000000000001,53.156566666666684
1.2000000000000002,9.100000000000001,7.6000000000000005,53.96771666666668
1.2000000000000002,9.100000000000001,7.9,54.77886666666669
1.2000000000000002,9.100000000000001,8.200000000000001,55.590016666666685
1.2000000000000002,9.100000000000001,8.5,56.40116666666668
1.2000000000000002,9.100000000000001,8.8,57.21231666666669
1.2000000000000002,9.100000000000001,9.100000000000001,58.02346666666669
1.2000000000000002,9.100000000000001,9.4,58.83461666666669
1.2000000000000002,9.100000000000001,9.7,59.645766666666695
1.2000000000000002,9.4,4.6,45.14946666666666
1.2000000000000002,9.4,4.9,45.980866666666664
1.2000000000000002,9.4,5.2,46.812266666666666
1.2000000000000002,9.4,5.5,47.64366666666666
1.2000000000000002,9.4,5.800000000000001,48.47506666666666
1.2000000000000002,9.4,6.1000000000000005,49.306466666666665
1.2000000000000002,9.4,6.4,50.13786666666667
1.2000000000000002,9.4,6.7,50.96926666666667
1.2000000000000002,9.4,7.0,51.80066666666667
1.2000000000000002,9.4,7.300000000000001,52.632066666666674
1.2000000000000002,9.4,7.6000000000000005,53.46346666666668
1.2000000000000002,9.4,7.9,54.294866666666685
1.2000000000000002,9.4,8.200000000000001,55.12626666666669
1.2000000000000002,9.4,8.5,55.95766666666669
1.2000000000000002,9.4,8.8,56.789066666666685
1.2000000000000002,9.4,9.100000000000001,57.62046666666669
1.2000000000000002,9.4,9.4,58.45186666666669
1.2000000000000002,9.7,4.9,45.29436666666666
1.2000000000000002,9.7,5.2,46.14601666666667
1.2000000000000002,9.7,5.5,46.99766666666666
1.2000000000000002,9.7,5.800000000000001,47.84931666666667
1.2000000000000002,9.7,6.1000000000000005,48.700966666666666
1.2000000000000002,9.7,6.4,49.55261666666667
1.2000000000000002,9.7,6.7,50.40426666666667
1.2000000000000002,9.7,7.0,51.25591666666668
1.2000000000000002,9.7,7.300000000000001,52.10756666666668
1.2000000000000002,9.7,7.6000000000000005,52.959216666666684
1.2000000000000002,9.7,7.9,53.81086666666668
1.2000000000000002,9.7,8.200000000000001,54.66251666666669
1.2000000000000002,9.7,8.5,55.514166666666696
1.2000000000000002,9.7,8.8,56.36581666666669
1.2000000000000002,9.7,9.100000000000001,57.217466666666695
1.2000000000000002,10.0,5.2,45.47976666666666
1.2000000000000002,10.0,5.5,46.35166666666666
1.2000000000000002,10.0,5.800000000000001,47.22356666666666
1.2000000000000002,10.0,6.1000000000000005,48.09546666666667
1.2000000000000002,10.0,6.4,48.96736666666667
1.2000000000000002,10.0,6.7,49.83926666666667
1.2000000000000002,10.0,7.0,50.71116666666667
1.2000000000000002,10.0,7.300000000000001,51.583066666666674
1.2000000000000002,10.0,7.6000000000000005,52.45496666666668
1.2000000000000002,10.0,7.9,53.32686666666668
1.2000000000000002,10.0,8.200000000000001,54.198766666666685
1.2000000000000002,10.0,8.5,55.07066666666668
1.2000000000000002,10.0,8.8,55.942566666666686
1.25,4.0,5.5,59.0986666666667
1.25,4.0,5.800000000000001,59.6361666666667
1.25,4.0,6.1000000000000005,60.1736666666667
1.25,4.0,6.4,60.7111666666667
1.25,4.0,6.7,61.248666666666686
1.25,4.0,7.0,61.78616666666669
1.25,4.0,7.300000000000001,62.32366666666668
1.25,4.0,7.6000000000000005,62.86116666666668
1.25,4.0,7.9,63.39866666666668
1.25,4.0,8.200000000000001,63.93616666666668
1.25,4.0,8.5,64.47366666666667
1.25,4.3,5.2,57.9471666666667
1.25,4.3,5.5,58.5049166666667
1.25,4.3,5.800000000000001,59.0626666666667
1.25,4.3,6.1000000000000005,59.62041666666669
1.25,4.3,6.4,60.17816666666669
1.25,4.3,6.7,60.73591666666669
1.25,4.3,7.0,61.29366666666669
1.25,4.3,7.300000000000001,61.85141666666669
1.25,4.3,7.6000000000000005,62.409166666666685
1.25,4.3,7.9,62.966916666666684
1.25,4.3,8.200000000000001,63.52466666666668
1.25,4.3,8.5,64.08241666666669
1.25,4.3,8.8,64.64016666666669
1.25,4.6,4.9,56.7551666666667
1.25,4.6,5.2,57.3331666666667
1.25,4.6,5.5,57.9111666666667
1.25,4.6,5.800000000000001,58.4891666666667
1.25,4.6,6.1000000000000005,59.0671666666667
1.25,4.6,6.4,59.6451666666667
1.25,4.6,6.7,60.22316666666669
1.25,4.6,7.0,60.801166666666695
1.25,4.6,7.300000000000001,61.37916666666669
1.25,4.6,7.6000000000000005,61.957166666666694
1.25,4.6,7.9,62.53516666666669
1.25,4.6,8.200000000000001,63.113166666666686
1.25,4.6,8.5,63.69116666666669
1.25,4.6,8.8,64.26916666666668
1.25,4.6,9.100000000000001,64.84716666666668
1.25,4.9,4.6,55.52266666666671
1.25,4.9,4.9,56.12091666666671
1.25,4.9,5.2,56.719166666666695
1.25,4.9,5.5,57.317416666666695
1.25,4.9,5.800000000000001,57.915666666666695
1.25,4.9,6.1000000000000005,58.513916666666695
1.25,4.9,6.4,59.112166666666695
1.25,4.9,6.7,59.71041666666669
1.25,4.9,7.0,60.30866666666669
1.25,4.9,7.300000000000001,60.90691666666669
1.25,4.9,7.6000000000000005,61.50516666666669
1.25,4.9,7.9,62.10341666666668
1.25,4.9,8.200000000000001,62.701666666666675
1.25,4.9,8.5,63.299916666666675
1.25,4.9,8.8,63.898166666666675
1.25,4.9,9.100000000000001,64.49641666666668
1.25,4.9,9.4,65.09466666666667
1.25,5.2,4.3,54.24966666666671
1.25,5.2,4.6,54.86816666666671
1.25,5.2,4.9,55.48666666666671
1.25,5.2,5.2,56.1051666666667
1.25,5.2,5.5,56.723666666666695
1.25,5.2,5.800000000000001,57.3421666666667
1.25,5.2,6.1000000000000005,57.9606666666667
1.25,5.2,6.4,58.579166666666694
1.25,5.2,6.7,59.19766666666669
1.25,5.2,7.0,59.816166666666696
1.25,5.2,7.300000000000001,60.43466666666669
1.25,5.2,7.6000000000000005,61.05316666666669
1.25,5.2,7.9,61.67166666666668
1.25,5.2,8.200000000000001,62.290166666666686
1.25,5.2,8.5,62.90866666666668
1.25,5.2,8.8,63.52716666666668
1.25,5.2,9.100000000000001,64.14566666666668
1.25,5.2,9.4,64.76416666666668
1.25,5.2,9.7,65.38266666666668
1.25,5.5,4.0,52.9361666666667
1.25,5.5,4.3,53.5749166666667
1.25,5.5,4.6,54.2136666666667
1.25,5.5,4.9,54.85241666666669
1.25,5.5,5.2,55.49116666666669
1.25,5.5,5.5,56.129916666666695
1.25,5.5,5.800000000000001,56.76866666666669
1.25,5.5,6.1000000000000005,57.40741666666669
1.25,5.5,6.4,58.04616666666669
1.25,5.5,6.7,58.68491666666669
1.25,5.5,7.0,59.32366666666669
1.25,5.5,7.300000000000001,59.96241666666669
1.25,5.5,7.6000000000000005,60.601166666666686
1.25,5.5,7.9,61.23991666666669
1.25,5.5,8.200000000000001,61.87866666666669
1.25,5.5,8.5,62.517416666666676
1.25,5.5,8.8,63.15616666666668
1.25,5.5,9.100000000000001,63.79491666666668
1.25,5.5,9.4,64.43366666666668
1.25,5.5,9.7,65.07241666666667
1.25,5.5,10.0,65.71116666666667
1.25,5.800000000000001,4.0,52.2411666666667
1.25,5.800000000000001,4.3,52.9001666666667
1.25,5.800000000000001,4.6,53.5591666666667
1.25,5.800000000000001,4.9,54.2181666666667
1.25,5.800000000000001,5.2,54.87716666666669
1.25,5.800000000000001,5.5,55.53616666666669
1.25,5.800000000000001,5.800000000000001,56.19516666666669
1.25,5.800000000000001,6.1000000000000005,56.854166666666686
1.25,5.800000000000001,6.4,57.513166666666685
1.25,5.800000000000001,6.7,58.17216666666668
1.25,5.800000000000001,7.0,58.83116666666668
1.25,5.800000000000001,7.300000000000001,59.49016666666668
1.25,5.800000000000001,7.6000000000000005,60.14916666666669
1.25,5.800000000000001,7.9,60.80816666666668
1.25,5.800000000000001,8.200000000000001,61.46716666666668
1.25,5.800000000000001,8.5,62.12616666666668
1.25,5.800000000000001,8.8,62.785166666666676
1.25,5.800000000000001,9.100000000000001,63.444166666666675
1.25,5.800000000000001,9.4,64.10316666666668
1.25,5.800000000000001,9.7,64.76216666666667
1.25,5.800000000000001,10.0,65.42116666666668
1.25,6.1000000000000005,4.0,51.5461666666667
1.25,6.1000000000000005,4.3,52.225416666666696
1.25,6.1000000000000005,4.6,52.9046666666667
1.25,6.1000000000000005,4.9,53.583916666666696
1.25,6.1000000000000005,5.2,54.26316666666669
1.25,6.1000000000000005,5.5,54.94241666666669
1.25,6.1000000000000005,5.800000000000001,55.62166666666669
1.25,6.1000000000000005,6.1000000000000005,56.30091666666669
1.25,6.1000000000000005,6.4,56.98016666666669
1.25,6.1000000000000005,6.7,57.65941666666669
1.25,6.1000000000000005,7.0,58.33866666666669
1.25,6.1000000000000005,7.300000000000001,59.017916666666686
1.25,6.1000000000000005,7.6000000000000005,59.69716666666669
1.25,6.1000000000000005,7.9,60.37641666666668
1.25,6.1000000000000005,8.200000000000001,61.05566666666668
1.25,6.1000000000000005,8.5,61.73491666666668
1.25,6.1000000000000005,8.8,62.41416666666668
1.25,6.1000000000000005,9.100000000000001,63.09341666666668
1.25,6.1000000000000005,9.4,63.77266666666668
1.25,6.1000000000000005,9.7,64.45191666666668
1.25,6.1000000000000005,10.0,65.13116666666667
1.25,6.4,4.0,50.85116666666669
1.25,6.4,4.3,51.55066666666669
1.25,6.4,4.6,52.250166666666686
1.25,6.4,4.9,52.94966666666669
1.25,6.4,5.2,53.64916666666669
1.25,6.4,5.5,54.34866666666668
1.25,6.4,5.800000000000001,55.04816666666668
1.25,6.4,6.1000000000000005,55.74766666666668
1.25,6.4,6.4,56.44716666666668
1.25,6.4,6.7,57.14666666666668
1.25,6.4,7.0,57.84616666666668
1.25,6.4,7.300000000000001,58.54566666666668
1.25,6.4,7.6000000000000005,59.245166666666684
1.25,6.4,7.9,59.944666666666684
1.25,6.4,8.200000000000001,60.644166666666685
1.25,6.4,8.5,61.34366666666668
1.25,6.4,8.8,62.04316666666668
1.25,6.4,9.100000000000001,62.74266666666668
1.25,6.4,9.4,63.44216666666668
1.25,6.4,9.7,64.14166666666668
1.25,6.4,10.0,64.84116666666668
1.25,6.7,4.0,50.15616666666669
1.25,6.7,4.3,50.87591666666669
1.25,6.7,4.6,51.59566666666669
1.25,6.7,4.9,52.315416666666685
1.25,6.7,5.2,53.03516666666668
1.25,6.7,5.5,53.75491666666669
1.25,6.7,5.800000000000001,54.474666666666685
1.25,6.7,6.1000000000000005,55.19441666666668
1.25,6.7,6.4,55.91416666666669
1.25,6.7,6.7,56.633916666666686
1.25,6.7,7.0,57.35366666666669
1.25,6.7,7.300000000000001,58.07341666666669
1.25,6.7,7.6000000000000005,58.793166666666686
1.25,6.7,7.9,59.51291666666669
1.25,6.7,8.200000000000001,60.23266666666669
1.25,6.7,8.5,60.95241666666668
1.25,6.7,8.8,61.67216666666668
1.25,6.7,9.100000000000001,62.39191666666668
1.25,6.7,9.4,63.111666666666686
1.25,6.7,9.7,63.831416666666684
1.25,6.7,10.0,64.55116666666669
1.25,7.0,4.0,49.461166666666685
1.25,7.0,4.3,50.20116666666669
1.25,7.0,4.6,50.94116666666669
1.25,7.0,4.9,51.681166666666684
1.25,7.0,5.2,52.42116666666668
1.25,7.0,5.5,53.16116666666668
1.25,7.0,5.800000000000001,53.90116666666668
1.25,7.0,6.1000000000000005,54.641166666666685
1.25,7.0,6.4,55.38116666666668
1.25,7.0,6.7,56.12116666666668
1.25,7.0,7.0,56.86116666666668
1.25,7.0,7.300000000000001,57.601166666666686
1.25,7.0,7.6000000000000005,58.34116666666669
1.25,7.0,7.9,59.081166666666675
1.25,7.0,8.200000000000001,59.82116666666668
1.25,7.0,8.5,60.56116666666668
1.25,7.0,8.8,61.30116666666668
1.25,7.0,9.100000000000001,62.04116666666668
1.25,7.0,9.4,62.78116666666668
1.25,7.0,9.7,63.52116666666668
1.25,7.0,10.0,64.26116666666668
1.25,7.300000000000001,4.0,48.76616666666668
1.25,7.300000000000001,4.3,49.52641666666668
1.25,7.300000000000001,4.6,50.286666666666676
1.25,7.300000000000001,4.9,51.046916666666675
1.25,7.300000000000001,5.2,51.807166666666674
1.25,7.300000000000001,5.5,52.567416666666674
1.25,7.300000000000001,5.800000000000001,53.32766666666668
1.25,7.300000000000001,6.1000000000000005,54.08791666666668
1.25,7.300000000000001,6.4,54.84816666666668
1.25,7.300000000000001,6.7,55.60841666666668
1.25,7.300000000000001,7.0,56.36866666666668
1.25,7.300000000000001,7.300000000000001,57.12891666666668
1.25,7.300000000000001,7.6000000000000005,57.88916666666668
1.25,7.300000000000001,7.9,58.64941666666668
1.25,7.300000000000001,8.200000000000001,59.40966666666668
1.25,7.300000000000001,8.5,60.16991666666668
1.25,7.300000000000001,8.8,60.93016666666668
1.25,7.300000000000001,9.100000000000001,61.69041666666668
1.25,7.300000000000001,9.4,62.45066666666668
1.25,7.300000000000001,9.7,63.210916666666684
1.25,7.300000000000001,10.0,63.97116666666668
1.25,7.6000000000000005,4.0,48.07116666666668
1.25,7.6000000000000005,4.3,48.85166666666668
1.25,7.6000000000000005,4.6,49.63216666666668
1.25,7.6000000000000005,4.9,50.412666666666674
1.25,7.6000000000000005,5.2,51.19316666666668
1.25,7.6000000000000005,5.5,51.97366666666668
1.25,7.6000000000000005,5.800000000000001,52.75416666666668
1.25,7.6000000000000005,6.1000000000000005,53.53466666666668
1.25,7.6000000000000005,6.4,54.315166666666684
1.25,7.6000000000000005,6.7,55.09566666666668
1.25,7.6000000000000005,7.0,55.876166666666684
1.25,7.6000000000000005,7.300000000000001,56.65666666666669
1.25,7.6000000000000005,7.6000000000000005,57.437166666666684
1.25,7.6000000000000005,7.9,58.21766666666669
1.25,7.6000000000000005,8.200000000000001,58.99816666666669
1.25,7.6000000000000005,8.5,59.77866666666668
1.25,7.6000000000000005,8.8,60.559166666666684
1.25,7.6000000000000005,9.100000000000001,61.33966666666669
1.25,7.6000000000000005,9.4,62.120166666666684
1.25,7.6000000000000005,9.7,62.90066666666669
1.25,7.6000000000000005,10.0,63.681166666666684
1.25,7.9,4.0,47.37616666666667
1.25,7.9,4.3,48.17691666666667
1.25,7.9,4.6,48.97766666666668
1.25,7.9,4.9,49.77841666666668
1.25,7.9,5.2,50.57916666666667
1.25,7.9,5.5,51.379916666666674
1.25,7.9,5.800000000000001,52.180666666666674
1.25,7.9,6.1000000000000005,52.981416666666675
1.25,7.9,6.4,53.782166666666676
1.25,7.9,6.7,54.58291666666668
1.25,7.9,7.0,55.38366666666668
1.25,7.9,7.300000000000001,56.18441666666668
1.25,7.9,7.6000000000000005,56.985166666666686
1.25,7.9,7.9,57.78591666666668
1.25,7.9,8.200000000000001,58.58666666666668
1.25,7.9,8.5,59.38741666666668
1.25,7.9,8.8,60.18816666666668
1.25,7.9,9.100000000000001,60.98891666666668
1.25,7.9,9.4,61.78966666666668
1.25,7.9,9.7,62.590416666666684
1.25,7.9,10.0,63.391166666666685
1.25,8.200000000000001,4.0,46.68116666666667
1.25,8.200000000000001,4.3,47.50216666666667
1.25,8.200000000000001,4.6,48.323166666666665
1.25,8.200000000000001,4.9,49.14416666666666
1.25,8.200000000000001,5.2,49.96516666666667
1.25,8.200000000000001,5.5,50.78616666666667
1.25,8.200000000000001,5.800000000000001,51.60716666666667
1.25,8.200000000000001,6.1000000000000005,52.42816666666667
1.25,8.200000000000001,6.4,53.249166666666675
1.25,8.200000000000001,6.7,54.07016666666667
1.25,8.200000000000001,7.0,54.89116666666668
1.25,8.200000000000001,7.300000000000001,55.712166666666675
1.25,8.200000000000001,7.6000000000000005,56.53316666666668
1.25,8.200000000000001,7.9,57.35416666666668
1.25,8.200000000000001,8.200000000000001,58.175166666666684
1.25,8.200000000000001,8.5,58.996166666666674
1.25,8.200000000000001,8.8,59.81716666666668
1.25,8.200000000000001,9.100000000000001,60.63816666666668
1.25,8.200000000000001,9.4,61.45916666666668
1.25,8.200000000000001,9.7,62.28016666666669
1.25,8.200000000000001,10.0,63.101166666666686
1.25,8.5,4.0,45.98616666666667
1.25,8.5,4.3,46.82741666666667
1.25,8.5,4.6,47.66866666666667
1.25,8.5,4.9,48.50991666666667
1.25,8.5,5.2,49.351166666666664
1.25,8.5,5.5,50.19241666666667
1.25,8.5,5.800000000000001,51.03366666666667
1.25,8.5,6.1000000000000005,51.87491666666667
1.25,8.5,6.4,52.71616666666667
1.25,8.5,6.7,53.557416666666676
1.25,8.5,7.0,54.39866666666668
1.25,8.5,7.300000000000001,55.23991666666668
1.25,8.5,7.6000000000000005,56.08116666666668
1.25,8.5,7.9,56.922416666666685
1.25,8.5,8.200000000000001,57.76366666666669
1.25,8.5,8.5,58.60491666666668
1.25,8.5,8.8,59.446166666666684
1.25,8.5,9.100000000000001,60.28741666666669
1.25,8.5,9.4,61.12866666666669
1.25,8.5,9.7,61.96991666666669
1.25,8.5,10.0,62.811166666666686
1.25,8.8,4.3,46.15266666666666
1.25,8.8,4.6,47.01416666666667
1.25,8.8,4.9,47.87566666666667
1.25,8.8,5.2,48.73716666666666
1.25,8.8,5.5,49.59866666666667
1.25,8.8,5.800000000000001,50.460166666666666
1.25,8.8,6.1000000000000005,51.321666666666665
1.25,8.8,6.4,52.18316666666667
1.25,8.8,6.7,53.04466666666667
1.25,8.8,7.0,53.90616666666668
1.25,8.8,7.300000000000001,54.76766666666668
1.25,8.8,7.6000000000000005,55.62916666666668
1.25,8.8,7.9,56.49066666666668
1.25,8.8,8.200000000000001,57.352166666666676
1.25,8.8,8.5,58.213666666666676
1.25,8.8,8.8,59.07516666666668
1.25,8.8,9.100000000000001,59.93666666666668
1.25,8.8,9.4,60.79816666666669
1.25,8.8,9.7,61.65966666666669
1.25,9.100000000000001,4.6,46.35966666666667
1.25,9.100000000000001,4.9,47.241416666666666
1.25,9.100000000000001,5.2,48.12316666666666
1.25,9.100000000000001,5.5,49.00491666666667
1.25,9.100000000000001,5.800000000000001,49.88666666666667
1.25,9.100000000000001,6.1000000000000005,50.768416666666674
1.25,9.100000000000001,6.4,51.65016666666667
1.25,9.100000000000001,6.7,52.531916666666675
1.25,9.100000000000001,7.0,53.41366666666668
1.25,9.100000000000001,7.300000000000001,54.29541666666668
1.25,9.100000000000001,7.6000000000000005,55.177166666666686
1.25,9.100000000000001,7.9,56.058916666666676
1.25,9.100000000000001,8.200000000000001,56.94066666666668
1.25,9.100000000000001,8.5,57.82241666666668
1.25,9.100000000000001,8.8,58.70416666666669
1.25,9.100000000000001,9.100000000000001,59.58591666666669
1.25,9.100000000000001,9.4,60.46766666666669
1.25,9.4,4.9,46.60716666666666
1.25,9.4,5.2,47.50916666666666
1.25,9.4,5.5,48.41116666666666
1.25,9.4,5.800000000000001,49.31316666666666
1.25,9.4,6.1000000000000005,50.21516666666667
1.25,9.4,6.4,51.11716666666667
1.25,9.4,6.7,52.01916666666667
1.25,9.4,7.0,52.92116666666667
1.25,9.4,7.300000000000001,53.82316666666668
1.25,9.4,7.6000000000000005,54.72516666666668
1.25,9.4,7.9,55.62716666666668
1.25,9.4,8.200000000000001,56.52916666666668
1.25,9.4,8.5,57.431166666666684
1.25,9.4,8.8,58.333166666666685
1.25,9.4,9.100000000000001,59.235166666666686
1.25,9.7,5.2,46.89516666666666
1.25,9.7,5.5,47.81741666666666
1.25,9.7,5.800000000000001,48.739666666666665
1.25,9.7,6.1000000000000005,49.66191666666667
1.25,9.7,6.4,50.58416666666667
1.25,9.7,6.7,51.506416666666674
1.25,9.7,7.0,52.42866666666668
1.25,9.7,7.300000000000001,53.35091666666668
1.25,9.7,7.6000000000000005,54.27316666666668
1.25,9.7,7.9,55.19541666666669
1.25,9.7,8.200000000000001,56.11766666666669
1.25,9.7,8.5,57.039916666666684
1.25,9.7,8.8,57.96216666666669
1.25,10.0,5.5,47.22366666666666
1.25,10.0,5.800000000000001,48.16616666666666
1.25,10.0,6.1000000000000005,49.108666666666664
1.25,10.0,6.4,50.05116666666667
1.25,10.0,6.7,50.99366666666667
1.25,10.0,7.0,51.93616666666667
1.25,10.0,7.300000000000001,52.878666666666675
1.25,10.0,7.6000000000000005,53.82116666666668
1.25,10.0,7.9,54.76366666666667
1.25,10.0,8.200000000000001,55.706166666666675
1.25,10.0,8.5,56.648666666666685
1.3,4.0,5.800000000000001,59.5337666666667
1.3,4.0,6.1000000000000005,60.1418666666667
1.3,4.0,6.4,60.74996666666671
1.3,4.0,6.7,61.35806666666669
1.3,4.0,7.0,61.96616666666669
1.3,4.0,7.300000000000001,62.57426666666669
1.3,4.0,7.6000000000000005,63.18236666666668
1.3,4.0,7.9,63.79046666666668
1.3,4.0,8.200000000000001,64.39856666666668
1.3,4.3,5.5,58.3841666666667
1.3,4.3,5.800000000000001,59.0125166666667
1.3,4.3,6.1000000000000005,59.640866666666696
1.3,4.3,6.4,60.26921666666669
1.3,4.3,6.7,60.89756666666669
1.3,4.3,7.0,61.52591666666669
1.3,4.3,7.300000000000001,62.154266666666686
1.3,4.3,7.6000000000000005,62.782616666666684
1.3,4.3,7.9,63.41096666666669
1.3,4.3,8.200000000000001,64.03931666666668
1.3,4.3,8.5,64.66766666666668
1.3,4.6,5.2,57.1940666666667
1.3,4.6,5.5,57.8426666666667
1.3,4.6,5.800000000000001,58.4912666666667
1.3,4.6,6.1000000000000005,59.1398666666667
1.3,4.6,6.4,59.78846666666669
1.3,4.6,6.7,60.437066666666695
1.3,4.6,7.0,61.0856666666667
1.3,4.6,7.300000000000001,61.73426666666669
1.3,4.6,7.6000000000000005,62.38286666666669
1.3,4.6,7.9,63.03146666666669
1.3,4.6,8.200000000000001,63.68006666666669
1.3,4.6,8.5,64.32866666666669
1.3,4.6,8.8,64.97726666666668
1.3,4.9,4.9,55.963466666666704
1.3,4.9,5.2,56.632316666666696
1.3,4.9,5.5,57.301166666666695
1.3,4.9,5.800000000000001,57.970016666666695
1.3,4.9,6.1000000000000005,58.638866666666694
1.3,4.9,6.4,59.30771666666669
1.3,4.9,6.7,59.97656666666669
1.3,4.9,7.0,60.64541666666669
1.3,4.9,7.300000000000001,61.31426666666669
1.3,4.9,7.6000000000000005,61.98311666666669
1.3,4.9,7.9,62.65196666666668
1.3,4.9,8.200000000000001,63.32081666666668
1.3,4.9,8.5,63.98966666666668
1.3,4.9,8.8,64.65851666666667
1.3,4.9,9.100000000000001,65.32736666666668
1.3,5.2,4.6,54.69236666666671
1.3,5.2,4.9,55.38146666666671
1.3,5.2,5.2,56.0705666666667
1.3,5.2,5.5,56.759666666666696
1.3,5.2,5.800000000000001,57.4487666666667
1.3,5.2,6.1000000000000005,58.137866666666696
1.3,5.2,6.4,58.82696666666669
1.3,5.2,6.7,59.516066666666696
1.3,5.2,7.0,60.20516666666669
1.3,5.2,7.300000000000001,60.894266666666695
1.3,5.2,7.6000000000000005,61.58336666666669
1.3,5.2,7.9,62.27246666666668
1.3,5.2,8.200000000000001,62.961566666666684
1.3,5.2,8.5,63.65066666666668
1.3,5.2,8.8,64.33976666666668
1.3,5.2,9.100000000000001,65.02886666666669
1.3,5.2,9.4,65.71796666666668
1.3,5.5,4.3,53.3807666666667
1.3,5.5,4.6,54.090116666666695
1.3,5.5,4.9,54.799466666666696
1.3,5.5,5.2,55.50881666666669
1.3,5.5,5.5,56.21816666666669
1.3,5.5,5.800000000000001,56.92751666666669
1.3,5.5,6.1000000000000005,57.63686666666669
1.3,5.5,6.4,58.34621666666669
1.3,5.5,6.7,59.05556666666669
1.3,5.5,7.0,59.76491666666669
1.3,5.5,7.300000000000001,60.474266666666686
1.3,5.5,7.6000000000000005,61.18361666666669
1.3,5.5,7.9,61.89296666666669
1.3,5.5,8.200000000000001,62.60231666666669
1.3,5.5,8.5,63.31166666666668
1.3,5.5,8.8,64.02101666666668
1.3,5.5,9.100000000000001,64.73036666666668
1.3,5.5,9.4,65.43971666666668
1.3,5.5,9.7,66.14906666666668
1.3,5.800000000000001,4.0,52.028666666666695
1.3,5.800000000000001,4.3,52.75826666666669
1.3,5.800000000000001,4.6,53.4878666666667
1.3,5.800000000000001,4.9,54.217466666666695
1.3,5.800000000000001,5.2,54.947066666666686
1.3,5.800000000000001,5.5,55.67666666666669
1.3,5.800000000000001,5.800000000000001,56.40626666666669
1.3,5.800000000000001,6.1000000000000005,57.135866666666686
1.3,5.800000000000001,6.4,57.865466666666684
1.3,5.800000000000001,6.7,58.59506666666669
1.3,5.800000000000001,7.0,59.32466666666669
1.3,5.800000000000001,7.300000000000001,60.054266666666685
1.3,5.800000000000001,7.6000000000000005,60.78386666666668
1.3,5.800000000000001,7.9,61.51346666666668
1.3,5.800000000000001,8.200000000000001,62.24306666666668
1.3,5.800000000000001,8.5,62.972666666666676
1.3,5.800000000000001,8.8,63.702266666666674
1.3,5.800000000000001,9.100000000000001,64.43186666666668
1.3,5.800000000000001,9.4,65.16146666666667
1.3,5.800000000000001,9.7,65.89106666666667
1.3,5.800000000000001,10.0,66.62066666666668
1.3,6.1000000000000005,4.0,51.385916666666695
1.3,6.1000000000000005,4.3,52.1357666666667
1.3,6.1000000000000005,4.6,52.8856166666667
1.3,6.1000000000000005,4.9,53.635466666666694
1.3,6.1000000000000005,5.2,54.38531666666669
1.3,6.1000000000000005,5.5,55.13516666666669
1.3,6.1000000000000005,5.800000000000001,55.88501666666669
1.3,6.1000000000000005,6.1000000000000005,56.63486666666669
1.3,6.1000000000000005,6.4,57.38471666666669
1.3,6.1000000000000005,6.7,58.134566666666686
1.3,6.1000000000000005,7.0,58.88441666666669
1.3,6.1000000000000005,7.300000000000001,59.63426666666669
1.3,6.1000000000000005,7.6000000000000005,60.38411666666669
1.3,6.1000000000000005,7.9,61.13396666666668
1.3,6.1000000000000005,8.200000000000001,61.88381666666668
1.3,6.1000000000000005,8.5,62.633666666666684
1.3,6.1000000000000005,8.8,63.38351666666668
1.3,6.1000000000000005,9.100000000000001,64.13336666666669
1.3,6.1000000000000005,9.4,64.88321666666668
1.3,6.1000000000000005,9.7,65.63306666666668
1.3,6.1000000000000005,10.0,66.38291666666669
1.3,6.4,4.0,50.74316666666669
1.3,6.4,4.3,51.51326666666669
1.3,6.4,4.6,52.28336666666668
1.3,6.4,4.9,53.05346666666669
1.3,6.4,5.2,53.823566666666686
1.3,6.4,5.5,54.593666666666685
1.3,6.4,5.800000000000001,55.363766666666685
1.3,6.4,6.1000000000000005,56.133866666666684
1.3,6.4,6.4,56.90396666666668
1.3,6.4,6.7,57.67406666666668
1.3,6.4,7.0,58.44416666666668
1.3,6.4,7.300000000000001,59.21426666666669
1.3,6.4,7.6000000000000005,59.98436666666669
1.3,6.4,7.9,60.75446666666669
1.3,6.4,8.200000000000001,61.524566666666686
1.3,6.4,8.5,62.29466666666668
1.3,6.4,8.8,63.06476666666668
1.3,6.4,9.100000000000001,63.83486666666668
1.3,6.4,9.4,64.60496666666668
1.3,6.4,9.7,65.37506666666668
1.3,6.4,10.0,66.14516666666668
1.3,6.7,4.0,50.10041666666669
1.3,6.7,4.3,50.89076666666669
1.3,6.7,4.6,51.68111666666668
1.3,6.7,4.9,52.471466666666686
1.3,6.7,5.2,53.26181666666668
1.3,6.7,5.5,54.052166666666686
1.3,6.7,5.800000000000001,54.84251666666669
1.3,6.7,6.1000000000000005,55.632866666666686
1.3,6.7,6.4,56.42321666666669
1.3,6.7,6.7,57.213566666666686
1.3,6.7,7.0,58.00391666666669
1.3,6.7,7.300000000000001,58.79426666666669
1.3,6.7,7.6000000000000005,59.58461666666669
1.3,6.7,7.9,60.37496666666669
1.3,6.7,8.200000000000001,61.16531666666669
1.3,6.7,8.5,61.95566666666668
1.3,6.7,8.8,62.746016666666684
1.3,6.7,9.100000000000001,63.53636666666669
1.3,6.7,9.4,64.32671666666668
1.3,6.7,9.7,65.11706666666669
1.3,6.7,10.0,65.90741666666669
1.3,7.0,4.0,49.45766666666668
1.3,7.0,4.3,50.26826666666668
1.3,7.0,4.6,51.078866666666684
1.3,7.0,4.9,51.889466666666685
1.3,7.0,5.2,52.70006666666668
1.3,7.0,5.5,53.51066666666668
1.3,7.0,5.800000000000001,54.32126666666668
1.3,7.0,6.1000000000000005,55.13186666666668
1.3,7.0,6.4,55.94246666666668
1.3,7.0,6.7,56.75306666666668
1.3,7.0,7.0,57.563666666666684
1.3,7.0,7.300000000000001,58.374266666666685
1.3,7.0,7.6000000000000005,59.184866666666686
1.3,7.0,7.9,59.99546666666668
1.3,7.0,8.200000000000001,60.80606666666668
1.3,7.0,8.5,61.61666666666668
1.3,7.0,8.8,62.42726666666668
1.3,7.0,9.100000000000001,63.23786666666668
1.3,7.0,9.4,64.04846666666668
1.3,7.0,9.7,64.85906666666668
1.3,7.0,10.0,65.66966666666669
1.3,7.300000000000001,4.0,48.814916666666676
1.3,7.300000000000001,4.3,49.64576666666668
1.3,7.300000000000001,4.6,50.47661666666667
1.3,7.300000000000001,4.9,51.30746666666668
1.3,7.300000000000001,5.2,52.138316666666675
1.3,7.300000000000001,5.5,52.96916666666667
1.3,7.300000000000001,5.800000000000001,53.80001666666668
1.3,7.300000000000001,6.1000000000000005,54.63086666666668
1.3,7.300000000000001,6.4,55.46171666666668
1.3,7.300000000000001,6.7,56.29256666666668
1.3,7.300000000000001,7.0,57.12341666666668
1.3,7.300000000000001,7.300000000000001,57.95426666666668
1.3,7.300000000000001,7.6000000000000005,58.78511666666668
1.3,7.300000000000001,7.9,59.61596666666669
1.3,7.300000000000001,8.200000000000001,60.446816666666685
1.3,7.300000000000001,8.5,61.277666666666676
1.3,7.300000000000001,8.8,62.10851666666668
1.3,7.300000000000001,9.100000000000001,62.93936666666668
1.3,7.300000000000001,9.4,63.770216666666684
1.3,7.300000000000001,9.7,64.60106666666668
1.3,7.300000000000001,10.0,65.43191666666668
1.3,7.6000000000000005,4.0,48.172166666666676
1.3,7.6000000000000005,4.3,49.02326666666668
1.3,7.6000000000000005,4.6,49.874366666666674
1.3,7.6000000000000005,4.9,50.72546666666668
1.3,7.6000000000000005,5.2,51.57656666666668
1.3,7.6000000000000005,5.5,52.42766666666668
1.3,7.6000000000000005,5.800000000000001,53.27876666666668
1.3,7.6000000000000005,6.1000000000000005,54.12986666666668
1.3,7.6000000000000005,6.4,54.98096666666668
1.3,7.6000000000000005,6.7,55.832066666666684
1.3,7.6000000000000005,7.0,56.683166666666686
1.3,7.6000000000000005,7.300000000000001,57.53426666666669
1.3,7.6000000000000005,7.6000000000000005,58.385366666666684
1.3,7.6000000000000005,7.9,59.236466666666686
1.3,7.6000000000000005,8.200000000000001,60.08756666666669
1.3,7.6000000000000005,8.5,60.938666666666684
1.3,7.6000000000000005,8.8,61.78976666666669
1.3,7.6000000000000005,9.100000000000001,62.64086666666669
1.3,7.6000000000000005,9.4,63.491966666666684
1.3,7.6000000000000005,9.7,64.34306666666669
1.3,7.6000000000000005,10.0,65.19416666666669
1.3,7.9,4.0,47.52941666666667
1.3,7.9,4.3,48.40076666666668
1.3,7.9,4.6,49.272116666666676
1.3,7.9,4.9,50.143466666666676
1.3,7.9,5.2,51.01481666666667
1.3,7.9,5.5,51.886166666666675
1.3,7.9,5.800000000000001,52.757516666666675
1.3,7.9,6.1000000000000005,53.628866666666674
1.3,7.9,6.4,54.500216666666674
1.3,7.9,6.7,55.37156666666668
1.3,7.9,7.0,56.24291666666668
1.3,7.9,7.300000000000001,57.11426666666668
1.3,7.9,7.6000000000000005,57.98561666666669
1.3,7.9,7.9,58.85696666666668
1.3,7.9,8.200000000000001,59.72831666666668
1.3,7.9,8.5,60.59966666666668
1.3,7.9,8.8,61.471016666666685
1.3,7.9,9.100000000000001,62.342366666666685
1.3,7.9,9.4,63.213716666666684
1.3,7.9,9.7,64.08506666666669
1.3,7.9,10.0,64.95641666666668
1.3,8.200000000000001,4.0,46.88666666666666
1.3,8.200000000000001,4.3,47.77826666666667
1.3,8.200000000000001,4.6,48.669866666666664
1.3,8.200000000000001,4.9,49.56146666666666
1.3,8.200000000000001,5.2,50.453066666666665
1.3,8.200000000000001,5.5,51.34466666666667
1.3,8.200000000000001,5.800000000000001,52.23626666666667
1.3,8.200000000000001,6.1000000000000005,53.12786666666667
1.3,8.200000000000001,6.4,54.01946666666667
1.3,8.200000000000001,6.7,54.91106666666668
1.3,8.200000000000001,7.0,55.802666666666674
1.3,8.200000000000001,7.300000000000001,56.69426666666668
1.3,8.200000000000001,7.6000000000000005,57.58586666666668
1.3,8.200000000000001,7.9,58.47746666666668
1.3,8.200000000000001,8.200000000000001,59.36906666666668
1.3,8.200000000000001,8.5,60.26066666666668
1.3,8.200000000000001,8.8,61.15226666666668
1.3,8.200000000000001,9.100000000000001,62.04386666666668
1.3,8.200000000000001,9.4,62.935466666666684
1.3,8.200000000000001,9.7,63.82706666666669
1.3,8.200000000000001,10.0,64.71866666666669
1.3,8.5,4.3,47.155766666666665
1.3,8.5,4.6,48.067616666666666
1.3,8.5,4.9,48.97946666666667
1.3,8.5,5.2,49.89131666666667
1.3,8.5,5.5,50.80316666666667
1.3,8.5,5.800000000000001,51.71501666666667
1.3,8.5,6.1000000000000005,52.62686666666667
1.3,8.5,6.4,53.53871666666667
1.3,8.5,6.7,54.450566666666674
1.3,8.5,7.0,55.362416666666675
1.3,8.5,7.300000000000001,56.27426666666668
1.3,8.5,7.6000000000000005,57.186116666666685
1.3,8.5,7.9,58.097966666666686
1.3,8.5,8.200000000000001,59.00981666666669
1.3,8.5,8.5,59.92166666666668
1.3,8.5,8.8,60.83351666666668
1.3,8.5,9.100000000000001,61.74536666666668
1.3,8.5,9.4,62.657216666666685
1.3,8.5,9.7,63.56906666666669
1.3,8.8,4.6,47.46536666666667
1.3,8.8,4.9,48.397466666666666
1.3,8.8,5.2,49.329566666666665
1.3,8.8,5.5,50.26166666666666
1.3,8.8,5.800000000000001,51.19376666666667
1.3,8.8,6.1000000000000005,52.12586666666667
1.3,8.8,6.4,53.05796666666667
1.3,8.8,6.7,53.99006666666667
1.3,8.8,7.0,54.922166666666676
1.3,8.8,7.300000000000001,55.854266666666675
1.3,8.8,7.6000000000000005,56.78636666666668
1.3,8.8,7.9,57.71846666666667
1.3,8.8,8.200000000000001,58.65056666666668
1.3,8.8,8.5,59.58266666666668
1.3,8.8,8.8,60.51476666666668
1.3,8.8,9.100000000000001,61.446866666666686
1.3,8.8,9.4,62.378966666666685
1.3,9.100000000000001,4.9,47.815466666666666
1.3,9.100000000000001,5.2,48.76781666666666
1.3,9.100000000000001,5.5,49.720166666666664
1.3,9.100000000000001,5.800000000000001,50.67251666666667
1.3,9.100000000000001,6.1000000000000005,51.62486666666667
1.3,9.100000000000001,6.4,52.57721666666667
1.3,9.100000000000001,6.7,53.529566666666675
1.3,9.100000000000001,7.0,54.48191666666668
1.3,9.100000000000001,7.300000000000001,55.43426666666668
1.3,9.100000000000001,7.6000000000000005,56.38661666666668
1.3,9.100000000000001,7.9,57.33896666666668
1.3,9.100000000000001,8.200000000000001,58.29131666666668
1.3,9.100000000000001,8.5,59.243666666666684
1.3,9.100000000000001,8.8,60.19601666666669
1.3,9.100000000000001,9.100000000000001,61.14836666666669
1.3,9.4,5.2,48.20606666666666
1.3,9.4,5.5,49.17866666666666
1.3,9.4,5.800000000000001,50.151266666666665
1.3,9.4,6.1000000000000005,51.123866666666665
1.3,9.4,6.4,52.09646666666667
1.3,9.4,6.7,53.06906666666667
1.3,9.4,7.0,54.04166666666667
1.3,9.4,7.300000000000001,55.01426666666668
1.3,9.4,7.6000000000000005,55.98686666666668
1.3,9.4,7.9,56.959466666666685
1.3,9.4,8.200000000000001,57.932066666666685
1.3,9.4,8.5,58.90466666666668
1.3,9.4,8.8,59.877266666666685
1.3,9.7,5.5,48.637166666666666
1.3,9.7,5.800000000000001,49.63001666666666
1.3,9.7,6.1000000000000005,50.62286666666667
1.3,9.7,6.4,51.61571666666667
1.3,9.7,6.7,52.608566666666675
1.3,9.7,7.0,53.60141666666668
1.3,9.7,7.300000000000001,54.594266666666684
1.3,9.7,7.6000000000000005,55.58711666666669
1.3,9.7,7.9,56.579966666666685
1.3,9.7,8.200000000000001,57.57281666666669
1.3,9.7,8.5,58.56566666666669
1.3,10.0,5.800000000000001,49.10876666666666
1.3,10.0,6.1000000000000005,50.12186666666666
1.3,10.0,6.4,51.13496666666667
1.3,10.0,6.7,52.14806666666667
1.3,10.0,7.0,53.161166666666674
1.3,10.0,7.300000000000001,54.174266666666675
1.3,10.0,7.6000000000000005,55.187366666666684
1.3,10.0,7.9,56.20046666666668
1.3,10.0,8.200000000000001,57.21356666666668
1.35,4.0,6.1000000000000005,60.11006666666671
1.35,4.0,6.4,60.7887666666667
1.35,4.0,6.7,61.46746666666669
1.35,4.0,7.0,62.14616666666669
1.35,4.0,7.300000000000001,62.824866666666686
1.35,4.0,7.6000000000000005,63.503566666666686
1.35,4.0,7.9,64.18226666666668
1.35,4.3,5.800000000000001,58.962366666666696
1.35,4.3,6.1000000000000005,59.66131666666669
1.35,4.3,6.4,60.360266666666696
1.35,4.3,6.7,61.05921666666669
1.35,4.3,7.0,61.75816666666669
1.35,4.3,7.300000000000001,62.45711666666669
1.35,4.3,7.6000000000000005,63.15606666666669
1.35,4.3,7.9,63.855016666666685
1.35,4.3,8.200000000000001,64.55396666666668
1.35,4.6,5.5,57.7741666666667
1.35,4.6,5.800000000000001,58.4933666666667
1.35,4.6,6.1000000000000005,59.212566666666696
1.35,4.6,6.4,59.9317666666667
1.35,4.6,6.7,60.6509666666667
1.35,4.6,7.0,61.37016666666669
1.35,4.6,7.300000000000001,62.08936666666669
1.35,4.6,7.6000000000000005,62.80856666666669
1.35,4.6,7.9,63.52776666666669
1.35,4.6,8.200000000000001,64.2469666666667
1.35,4.6,8.5,64.9661666666667
1.35,4.9,5.2,56.545466666666705
1.35,4.9,5.5,57.284916666666696
1.35,4.9,5.800000000000001,58.024366666666694
1.35,4.9,6.1000000000000005,58.76381666666669
1.35,4.9,6.4,59.50326666666669
1.35,4.9,6.7,60.242716666666695
1.35,4.9,7.0,60.98216666666669
1.35,4.9,7.300000000000001,61.72161666666669
1.35,4.9,7.6000000000000005,62.46106666666668
1.35,4.9,7.9,63.20051666666668
1.35,4.9,8.200000000000001,63.93996666666668
1.35,4.9,8.5,64.67941666666668
1.35,4.9,8.8,65.41886666666667
1.35,5.2,4.9,55.27626666666671
1.35,5.2,5.2,56.0359666666667
1.35,5.2,5.5,56.7956666666667
1.35,5.2,5.800000000000001,57.5553666666667
1.35,5.2,6.1000000000000005,58.315066666666695
1.35,5.2,6.4,59.0747666666667
1.35,5.2,6.7,59.83446666666669
1.35,5.2,7.0,60.594166666666695
1.35,5.2,7.300000000000001,61.35386666666669
1.35,5.2,7.6000000000000005,62.11356666666669
1.35,5.2,7.9,62.873266666666694
1.35,5.2,8.200000000000001,63.63296666666668
1.35,5.2,8.5,64.39266666666668
1.35,5.2,8.8,65.15236666666668
1.35,5.2,9.100000000000001,65.91206666666668
1.35,5.5,4.6,53.9665666666667
1.35,5.5,4.9,54.7465166666667
1.35,5.5,5.2,55.52646666666669
1.35,5.5,5.5,56.30641666666669
1.35,5.5,5.800000000000001,57.08636666666669
1.35,5.5,6.1000000000000005,57.86631666666669
1.35,5.5,6.4,58.64626666666669
1.35,5.5,6.7,59.42621666666669
1.35,5.5,7.0,60.20616666666669
1.35,5.5,7.300000000000001,60.98611666666669
1.35,5.5,7.6000000000000005,61.76606666666669
1.35,5.5,7.9,62.54601666666669
1.35,5.5,8.200000000000001,63.32596666666669
1.35,5.5,8.5,64.10591666666669
1.35,5.5,8.8,64.88586666666669
1.35,5.5,9.100000000000001,65.66581666666669
1.35,5.5,9.4,66.44576666666667
1.35,5.800000000000001,4.3,52.61636666666669
1.35,5.800000000000001,4.6,53.4165666666667
1.35,5.800000000000001,4.9,54.21676666666669
1.35,5.800000000000001,5.2,55.0169666666667
1.35,5.800000000000001,5.5,55.81716666666669
1.35,5.800000000000001,5.800000000000001,56.61736666666669
1.35,5.800000000000001,6.1000000000000005,57.41756666666669
1.35,5.800000000000001,6.4,58.217766666666684
1.35,5.800000000000001,6.7,59.01796666666669
1.35,5.800000000000001,7.0,59.818166666666684
1.35,5.800000000000001,7.300000000000001,60.61836666666669
1.35,5.800000000000001,7.6000000000000005,61.418566666666685
1.35,5.800000000000001,7.9,62.21876666666669
1.35,5.800000000000001,8.200000000000001,63.01896666666668
1.35,5.800000000000001,8.5,63.819166666666675
1.35,5.800000000000001,8.8,64.61936666666668
1.35,5.800000000000001,9.100000000000001,65.41956666666668
1.35,5.800000000000001,9.4,66.21976666666667
1.35,5.800000000000001,9.7,67.01996666666668
1.35,6.1000000000000005,4.0,51.2256666666667
1.35,6.1000000000000005,4.3,52.0461166666667
1.35,6.1000000000000005,4.6,52.8665666666667
1.35,6.1000000000000005,4.9,53.68701666666669
1.35,6.1000000000000005,5.2,54.507466666666694
1.35,6.1000000000000005,5.5,55.32791666666669
1.35,6.1000000000000005,5.800000000000001,56.14836666666669
1.35,6.1000000000000005,6.1000000000000005,56.96881666666669
1.35,6.1000000000000005,6.4,57.78926666666669
1.35,6.1000000000000005,6.7,58.60971666666669
1.35,6.1000000000000005,7.0,59.430166666666686
1.35,6.1000000000000005,7.300000000000001,60.25061666666669
1.35,6.1000000000000005,7.6000000000000005,61.07106666666669
1.35,6.1000000000000005,7.9,61.89151666666669
1.35,6.1000000000000005,8.200000000000001,62.71196666666668
1.35,6.1000000000000005,8.5,63.532416666666684
1.35,6.1000000000000005,8.8,64.35286666666669
1.35,6.1000000000000005,9.100000000000001,65.17331666666668
1.35,6.1000000000000005,9.4,65.99376666666669
1.35,6.1000000000000005,9.7,66.81421666666668
1.35,6.1000000000000005,10.0,67.63466666666667
1.35,6.4,4.0,50.63516666666669
1.35,6.4,4.3,51.47586666666669
1.35,6.4,4.6,52.31656666666669
1.35,6.4,4.9,53.15726666666669
1.35,6.4,5.2,53.997966666666684
1.35,6.4,5.5,54.83866666666668
1.35,6.4,5.800000000000001,55.67936666666669
1.35,6.4,6.1000000000000005,56.520066666666686
1.35,6.4,6.4,57.360766666666684
1.35,6.4,6.7,58.20146666666668
1.35,6.4,7.0,59.04216666666669
1.35,6.4,7.300000000000001,59.882866666666686
1.35,6.4,7.6000000000000005,60.723566666666684
1.35,6.4,7.9,61.56426666666669
1.35,6.4,8.200000000000001,62.40496666666669
1.35,6.4,8.5,63.24566666666668
1.35,6.4,8.8,64.08636666666668
1.35,6.4,9.100000000000001,64.92706666666668
1.35,6.4,9.4,65.76776666666667
1.35,6.4,9.7,66.60846666666669
1.35,6.4,10.0,67.44916666666668
1.35,6.7,4.0,50.04466666666669
1.35,6.7,4.3,50.90561666666669
1.35,6.7,4.6,51.76656666666669
1.35,6.7,4.9,52.62751666666669
1.35,6.7,5.2,53.48846666666669
1.35,6.7,5.5,54.349416666666684
1.35,6.7,5.800000000000001,55.21036666666669
1.35,6.7,6.1000000000000005,56.07131666666669
1.35,6.7,6.4,56.932266666666685
1.35,6.7,6.7,57.79321666666669
1.35,6.7,7.0,58.65416666666669
1.35,6.7,7.300000000000001,59.51511666666669
1.35,6.7,7.6000000000000005,60.37606666666669
1.35,6.7,7.9,61.23701666666669
1.35,6.7,8.200000000000001,62.09796666666669
1.35,6.7,8.5,62.95891666666668
1.35,6.7,8.8,63.819866666666684
1.35,6.7,9.100000000000001,64.68081666666669
1.35,6.7,9.4,65.54176666666669
1.35,6.7,9.7,66.40271666666669
1.35,6.7,10.0,67.2636666666667
1.35,7.0,4.0,49.45416666666669
1.35,7.0,4.3,50.33536666666669
1.35,7.0,4.6,51.21656666666669
1.35,7.0,4.9,52.097766666666686
1.35,7.0,5.2,52.978966666666686
1.35,7.0,5.5,53.86016666666668
1.35,7.0,5.800000000000001,54.74136666666668
1.35,7.0,6.1000000000000005,55.622566666666685
1.35,7.0,6.4,56.503766666666685
1.35,7.0,6.7,57.384966666666685
1.35,7.0,7.0,58.266166666666685
1.35,7.0,7.300000000000001,59.147366666666684
1.35,7.0,7.6000000000000005,60.028566666666684
1.35,7.0,7.9,60.909766666666684
1.35,7.0,8.200000000000001,61.790966666666684
1.35,7.0,8.5,62.67216666666668
1.35,7.0,8.8,63.55336666666668
1.35,7.0,9.100000000000001,64.43456666666668
1.35,7.0,9.4,65.31576666666669
1.35,7.0,9.7,66.19696666666668
1.35,7.0,10.0,67.07816666666669
1.35,7.300000000000001,4.0,48.86366666666668
1.35,7.300000000000001,4.3,49.76511666666668
1.35,7.300000000000001,4.6,50.66656666666668
1.35,7.300000000000001,4.9,51.56801666666668
1.35,7.300000000000001,5.2,52.469466666666676
1.35,7.300000000000001,5.5,53.37091666666667
1.35,7.300000000000001,5.800000000000001,54.27236666666668
1.35,7.300000000000001,6.1000000000000005,55.17381666666668
1.35,7.300000000000001,6.4,56.07526666666668
1.35,7.300000000000001,6.7,56.97671666666668
1.35,7.300000000000001,7.0,57.87816666666668
1.35,7.300000000000001,7.300000000000001,58.77961666666668
1.35,7.300000000000001,7.6000000000000005,59.68106666666668
1.35,7.300000000000001,7.9,60.582516666666685
1.35,7.300000000000001,8.200000000000001,61.48396666666669
1.35,7.300000000000001,8.5,62.38541666666668
1.35,7.300000000000001,8.8,63.28686666666668
1.35,7.300000000000001,9.100000000000001,64.18831666666668
1.35,7.300000000000001,9.4,65.08976666666668
1.35,7.300000000000001,9.7,65.99121666666669
1.35,7.300000000000001,10.0,66.89266666666668
1.35,7.6000000000000005,4.0,48.27316666666668
1.35,7.6000000000000005,4.3,49.19486666666668
1.35,7.6000000000000005,4.6,50.11656666666668
1.35,7.6000000000000005,4.9,51.038266666666686
1.35,7.6000000000000005,5.2,51.95996666666667
1.35,7.6000000000000005,5.5,52.881666666666675
1.35,7.6000000000000005,5.800000000000001,53.80336666666668
1.35,7.6000000000000005,6.1000000000000005,54.725066666666685
1.35,7.6000000000000005,6.4,55.64676666666668
1.35,7.6000000000000005,6.7,56.56846666666668
1.35,7.6000000000000005,7.0,57.49016666666668
1.35,7.6000000000000005,7.300000000000001,58.41186666666669
1.35,7.6000000000000005,7.6000000000000005,59.33356666666669
1.35,7.6000000000000005,7.9,60.255266666666685
1.35,7.6000000000000005,8.200000000000001,61.17696666666669
1.35,7.6000000000000005,8.5,62.09866666666668
1.35,7.6000000000000005,8.8,63.02036666666669
1.35,7.6000000000000005,9.100000000000001,63.94206666666669
1.35,7.6000000000000005,9.4,64.86376666666669
1.35,7.6000000000000005,9.7,65.7854666666667
1.35,7.6000000000000005,10.0,66.7071666666667
1.35,7.9,4.0,47.68266666666667
1.35,7.9,4.3,48.624616666666675
1.35,7.9,4.6,49.566566666666674
1.35,7.9,4.9,50.50851666666668
1.35,7.9,5.2,51.45046666666668
1.35,7.9,5.5,52.39241666666667
1.35,7.9,5.800000000000001,53.334366666666675
1.35,7.9,6.1000000000000005,54.27631666666667
1.35,7.9,6.4,55.21826666666668
1.35,7.9,6.7,56.16021666666668
1.35,7.9,7.0,57.10216666666668
1.35,7.9,7.300000000000001,58.04411666666668
1.35,7.9,7.6000000000000005,58.98606666666669
1.35,7.9,7.9,59.928016666666686
1.35,7.9,8.200000000000001,60.86996666666668
1.35,7.9,8.5,61.81191666666668
1.35,7.9,8.8,62.75386666666668
1.35,7.9,9.100000000000001,63.69581666666669
1.35,7.9,9.4,64.63776666666669
1.35,7.9,9.7,65.57971666666668
1.35,7.9,10.0,66.52166666666669
1.35,8.200000000000001,4.3,48.05436666666667
1.35,8.200000000000001,4.6,49.01656666666667
1.35,8.200000000000001,4.9,49.97876666666667
1.35,8.200000000000001,5.2,50.94096666666667
1.35,8.200000000000001,5.5,51.90316666666667
1.35,8.200000000000001,5.800000000000001,52.86536666666667
1.35,8.200000000000001,6.1000000000000005,53.82756666666667
1.35,8.200000000000001,6.4,54.78976666666667
1.35,8.200000000000001,6.7,55.751966666666675
1.35,8.200000000000001,7.0,56.71416666666668
1.35,8.200000000000001,7.300000000000001,57.67636666666668
1.35,8.200000000000001,7.6000000000000005,58.638566666666684
1.35,8.200000000000001,7.9,59.60076666666668
1.35,8.200000000000001,8.200000000000001,60.56296666666668
1.35,8.200000000000001,8.5,61.52516666666668
1.35,8.200000000000001,8.8,62.48736666666668
1.35,8.200000000000001,9.100000000000001,63.44956666666668
1.35,8.200000000000001,9.4,64.41176666666668
1.35,8.200000000000001,9.7,65.37396666666669
1.35,8.5,4.6,48.46656666666667
1.35,8.5,4.9,49.44901666666667
1.35,8.5,5.2,50.431466666666665
1.35,8.5,5.5,51.41391666666667
1.35,8.5,5.800000000000001,52.39636666666667
1.35,8.5,6.1000000000000005,53.37881666666667
1.35,8.5,6.4,54.36126666666667
1.35,8.5,6.7,55.34371666666668
1.35,8.5,7.0,56.32616666666668
1.35,8.5,7.300000000000001,57.30861666666668
1.35,8.5,7.6000000000000005,58.29106666666669
1.35,8.5,7.9,59.27351666666669
1.35,8.5,8.200000000000001,60.25596666666669
1.35,8.5,8.5,61.23841666666668
1.35,8.5,8.8,62.22086666666669
1.35,8.5,9.100000000000001,63.20331666666669
1.35,8.5,9.4,64.1857666666667
1.35,8.8,4.9,48.919266666666665
1.35,8.8,5.2,49.92196666666667
1.35,8.8,5.5,50.92466666666667
1.35,8.8,5.800000000000001,51.927366666666664
1.35,8.8,6.1000000000000005,52.93006666666667
1.35,8.8,6.4,53.93276666666667
1.35,8.8,6.7,54.93546666666667
1.35,8.8,7.0,55.938166666666675
1.35,8.8,7.300000000000001,56.94086666666668
1.35,8.8,7.6000000000000005,57.94356666666668
1.35,8.8,7.9,58.94626666666668
1.35,8.8,8.200000000000001,59.94896666666668
1.35,8.8,8.5,60.95166666666668
1.35,8.8,8.8,61.95436666666669
1.35,8.8,9.100000000000001,62.957066666666684
1.35,9.100000000000001,5.2,49.412466666666674
1.35,9.100000000000001,5.5,50.43541666666667
1.35,9.100000000000001,5.800000000000001,51.45836666666667
1.35,9.100000000000001,6.1000000000000005,52.48131666666667
1.35,9.100000000000001,6.4,53.50426666666667
1.35,9.100000000000001,6.7,54.527216666666675
1.35,9.100000000000001,7.0,55.55016666666668
1.35,9.100000000000001,7.300000000000001,56.573116666666685
1.35,9.100000000000001,7.6000000000000005,57.59606666666669
1.35,9.100000000000001,7.9,58.61901666666669
1.35,9.100000000000001,8.200000000000001,59.64196666666668
1.35,9.100000000000001,8.5,60.664916666666684
1.35,9.100000000000001,8.8,61.687866666666686
1.35,9.4,5.5,49.94616666666666
1.35,9.4,5.800000000000001,50.98936666666666
1.35,9.4,6.1000000000000005,52.03256666666667
1.35,9.4,6.4,53.07576666666667
1.35,9.4,6.7,54.11896666666667
1.35,9.4,7.0,55.16216666666668
1.35,9.4,7.300000000000001,56.20536666666668
1.35,9.4,7.6000000000000005,57.24856666666668
1.35,9.4,7.9,58.29176666666668
1.35,9.4,8.200000000000001,59.33496666666669
1.35,9.4,8.5,60.37816666666668
1.35,9.7,5.800000000000001,50.52036666666667
1.35,9.7,6.1000000000000005,51.58381666666667
1.35,9.7,6.4,52.647266666666674
1.35,9.7,6.7,53.71071666666668
1.35,9.7,7.0,54.77416666666668
1.35,9.7,7.300000000000001,55.83761666666668
1.35,9.7,7.6000000000000005,56.901066666666686
1.35,9.7,7.9,57.96451666666669
1.35,9.7,8.200000000000001,59.02796666666669
1.35,10.0,6.1000000000000005,51.13506666666667
1.35,10.0,6.4,52.21876666666667
1.35,10.0,6.7,53.302466666666675
1.35,10.0,7.0,54.386166666666675
1.35,10.0,7.300000000000001,55.469866666666675
1.35,10.0,7.6000000000000005,56.55356666666668
1.35,10.0,7.9,57.63726666666668
1.4,4.0,6.4,60.82756666666669
1.4,4.0,6.7,61.57686666666669
1.4,4.0,7.0,62.32616666666669
1.4,4.0,7.300000000000001,63.075466666666685
1.4,4.0,7.6000000000000005,63.82476666666668
1.4,4.3,6.1000000000000005,59.6817666666667
1.4,4.3,6.4,60.4513166666667
1.4,4.3,6.7,61.220866666666694
1.4,4.3,7.0,61.99041666666669
1.4,4.3,7.300000000000001,62.75996666666669
1.4,4.3,7.6000000000000005,63.52951666666669
1.4,4.3,7.9,64.29906666666669
1.4,4.6,5.800000000000001,58.4954666666667
1.4,4.6,6.1000000000000005,59.2852666666667
1.4,4.6,6.4,60.0750666666667
1.4,4.6,6.7,60.8648666666667
1.4,4.6,7.0,61.65466666666669
1.4,4.6,7.300000000000001,62.44446666666669
1.4,4.6,7.6000000000000005,63.23426666666669
1.4,4.6,7.9,64.0240666666667
1.4,4.6,8.200000000000001,64.81386666666668
1.4,4.9,5.5,57.2686666666667
1.4,4.9,5.800000000000001,58.07871666666669
1.4,4.9,6.1000000000000005,58.8887666666667
1.4,4.9,6.4,59.698816666666694
1.4,4.9,6.7,60.50886666666669
1.4,4.9,7.0,61.31891666666669
1.4,4.9,7.300000000000001,62.128966666666685
1.4,4.9,7.6000000000000005,62.93901666666668
1.4,4.9,7.9,63.74906666666668
1.4,4.9,8.200000000000001,64.55911666666668
1.4,4.9,8.5,65.36916666666669
1.4,5.2,5.2,56.0013666666667
1.4,5.2,5.5,56.8316666666667
1.4,5.2,5.800000000000001,57.6619666666667
1.4,5.2,6.1000000000000005,58.4922666666667
1.4,5.2,6.4,59.322566666666695
1.4,5.2,6.7,60.1528666666667
1.4,5.2,7.0,60.9831666666667
1.4,5.2,7.300000000000001,61.81346666666669
1.4,5.2,7.6000000000000005,62.643766666666686
1.4,5.2,7.9,63.47406666666669
1.4,5.2,8.200000000000001,64.30436666666668
1.4,5.2,8.5,65.13466666666669
1.4,5.2,8.8,65.96496666666668
1.4,5.5,4.9,54.6935666666667
1.4,5.5,5.2,55.544116666666696
1.4,5.5,5.5,56.394666666666694
1.4,5.5,5.800000000000001,57.24521666666669
1.4,5.5,6.1000000000000005,58.09576666666669
1.4,5.5,6.4,58.94631666666669
1.4,5.5,6.7,59.796866666666695
1.4,5.5,7.0,60.64741666666669
1.4,5.5,7.300000000000001,61.49796666666669
1.4,5.5,7.6000000000000005,62.34851666666669
1.4,5.5,7.9,63.19906666666668
1.4,5.5,8.200000000000001,64.0496166666667
1.4,5.5,8.5,64.90016666666669
1.4,5.5,8.8,65.75071666666669
1.4,5.5,9.100000000000001,66.60126666666669
1.4,5.800000000000001,4.6,53.34526666666669
1.4,5.800000000000001,4.9,54.21606666666669
1.4,5.800000000000001,5.2,55.08686666666669
1.4,5.800000000000001,5.5,55.95766666666669
1.4,5.800000000000001,5.800000000000001,56.82846666666669
1.4,5.800000000000001,6.1000000000000005,57.69926666666669
1.4,5.800000000000001,6.4,58.57006666666669
1.4,5.800000000000001,6.7,59.440866666666686
1.4,5.800000000000001,7.0,60.31166666666669
1.4,5.800000000000001,7.300000000000001,61.182466666666684
1.4,5.800000000000001,7.6000000000000005,62.05326666666668
1.4,5.800000000000001,7.9,62.92406666666668
1.4,5.800000000000001,8.200000000000001,63.79486666666668
1.4,5.800000000000001,8.5,64.66566666666668
1.4,5.800000000000001,8.8,65.53646666666668
1.4,5.800000000000001,9.100000000000001,66.40726666666667
1.4,5.800000000000001,9.4,67.27806666666667
1.4,6.1000000000000005,4.3,51.9564666666667
1.4,6.1000000000000005,4.6,52.84751666666669
1.4,6.1000000000000005,4.9,53.73856666666669
1.4,6.1000000000000005,5.2,54.62961666666669
1.4,6.1000000000000005,5.5,55.52066666666669
1.4,6.1000000000000005,5.800000000000001,56.41171666666669
1.4,6.1000000000000005,6.1000000000000005,57.30276666666669
1.4,6.1000000000000005,6.4,58.19381666666669
1.4,6.1000000000000005,6.7,59.08486666666669
1.4,6.1000000000000005,7.0,59.97591666666669
1.4,6.1000000000000005,7.300000000000001,60.86696666666669
1.4,6.1000000000000005,7.6000000000000005,61.758016666666684
1.4,6.1000000000000005,7.9,62.649066666666684
1.4,6.1000000000000005,8.200000000000001,63.540116666666684
1.4,6.1000000000000005,8.5,64.43116666666668
1.4,6.1000000000000005,8.8,65.32221666666668
1.4,6.1000000000000005,9.100000000000001,66.21326666666668
1.4,6.1000000000000005,9.4,67.10431666666668
1.4,6.1000000000000005,9.7,67.99536666666668
1.4,6.4,4.0,50.52716666666669
1.4,6.4,4.3,51.438466666666685
1.4,6.4,4.6,52.34976666666668
1.4,6.4,4.9,53.261066666666686
1.4,6.4,5.2,54.17236666666668
1.4,6.4,5.5,55.08366666666669
1.4,6.4,5.800000000000001,55.994966666666684
1.4,6.4,6.1000000000000005,56.90626666666669
1.4,6.4,6.4,57.817566666666686
1.4,6.4,6.7,58.72886666666668
1.4,6.4,7.0,59.64016666666669
1.4,6.4,7.300000000000001,60.551466666666684
1.4,6.4,7.6000000000000005,61.46276666666669
1.4,6.4,7.9,62.37406666666668
1.4,6.4,8.200000000000001,63.28536666666668
1.4,6.4,8.5,64.19666666666669
1.4,6.4,8.8,65.10796666666668
1.4,6.4,9.100000000000001,66.01926666666668
1.4,6.4,9.4,66.93056666666668
1.4,6.4,9.7,67.84186666666668
1.4,6.4,10.0,68.75316666666667
1.4,6.7,4.0,49.98891666666669
1.4,6.7,4.3,50.920466666666684
1.4,6.7,4.6,51.852016666666685
1.4,6.7,4.9,52.78356666666669
1.4,6.7,5.2,53.71511666666669
1.4,6.7,5.5,54.64666666666669
1.4,6.7,5.800000000000001,55.57821666666669
1.4,6.7,6.1000000000000005,56.509766666666685
1.4,6.7,6.4,57.44131666666669
1.4,6.7,6.7,58.37286666666669
1.4,6.7,7.0,59.30441666666669
1.4,6.7,7.300000000000001,60.23596666666669
1.4,6.7,7.6000000000000005,61.16751666666669
1.4,6.7,7.9,62.09906666666669
1.4,6.7,8.200000000000001,63.03061666666668
1.4,6.7,8.5,63.96216666666668
1.4,6.7,8.8,64.89371666666669
1.4,6.7,9.100000000000001,65.82526666666669
1.4,6.7,9.4,66.75681666666668
1.4,6.7,9.7,67.68836666666668
1.4,6.7,10.0,68.61991666666668
1.4,7.0,4.0,49.450666666666685
1.4,7.0,4.3,50.40246666666668
1.4,7.0,4.6,51.35426666666668
1.4,7.0,4.9,52.30606666666668
1.4,7.0,5.2,53.25786666666668
1.4,7.0,5.5,54.209666666666685
1.4,7.0,5.800000000000001,55.16146666666668
1.4,7.0,6.1000000000000005,56.11326666666668
1.4,7.0,6.4,57.06506666666668
1.4,7.0,6.7,58.01686666666669
1.4,7.0,7.0,58.968666666666685
1.4,7.0,7.300000000000001,59.920466666666684
1.4,7.0,7.6000000000000005,60.87226666666668
1.4,7.0,7.9,61.82406666666668
1.4,7.0,8.200000000000001,62.77586666666668
1.4,7.0,8.5,63.72766666666668
1.4,7.0,8.8,64.67946666666668
1.4,7.0,9.100000000000001,65.63126666666669
1.4,7.0,9.4,66.58306666666668
1.4,7.0,9.7,67.53486666666669
1.4,7.0,10.0,68.48666666666668
1.4,7.300000000000001,4.0,48.91241666666668
1.4,7.300000000000001,4.3,49.884466666666675
1.4,7.300000000000001,4.6,50.85651666666667
1.4,7.300000000000001,4.9,51.828566666666674
1.4,7.300000000000001,5.2,52.80061666666668
1.4,7.300000000000001,5.5,53.77266666666668
1.4,7.300000000000001,5.800000000000001,54.744716666666676
1.4,7.300000000000001,6.1000000000000005,55.71676666666668
1.4,7.300000000000001,6.4,56.68881666666668
1.4,7.300000000000001,6.7,57.66086666666668
1.4,7.300000000000001,7.0,58.63291666666668
1.4,7.300000000000001,7.300000000000001,59.604966666666684
1.4,7.300000000000001,7.6000000000000005,60.57701666666669
1.4,7.300000000000001,7.9,61.549066666666675
1.4,7.300000000000001,8.200000000000001,62.52111666666668
1.4,7.300000000000001,8.5,63.49316666666668
1.4,7.300000000000001,8.8,64.46521666666668
1.4,7.300000000000001,9.100000000000001,65.43726666666669
1.4,7.300000000000001,9.4,66.40931666666668
1.4,7.300000000000001,9.7,67.38136666666668
1.4,7.300000000000001,10.0,68.35341666666667
1.4,7.6000000000000005,4.0,48.37416666666668
1.4,7.6000000000000005,4.3,49.366466666666675
1.4,7.6000000000000005,4.6,50.358766666666675
1.4,7.6000000000000005,4.9,51.351066666666675
1.4,7.6000000000000005,5.2,52.343366666666675
1.4,7.6000000000000005,5.5,53.33566666666668
1.4,7.6000000000000005,5.800000000000001,54.32796666666668
1.4,7.6000000000000005,6.1000000000000005,55.32026666666668
1.4,7.6000000000000005,6.4,56.31256666666668
1.4,7.6000000000000005,6.7,57.30486666666668
1.4,7.6000000000000005,7.0,58.29716666666668
1.4,7.6000000000000005,7.300000000000001,59.289466666666684
1.4,7.6000000000000005,7.6000000000000005,60.28176666666669
1.4,7.6000000000000005,7.9,61.274066666666684
1.4,7.6000000000000005,8.200000000000001,62.266366666666684
1.4,7.6000000000000005,8.5,63.258666666666684
1.4,7.6000000000000005,8.8,64.25096666666668
1.4,7.6000000000000005,9.100000000000001,65.24326666666668
1.4,7.6000000000000005,9.4,66.23556666666668
1.4,7.6000000000000005,9.7,67.22786666666669
1.4,7.6000000000000005,10.0,68.22016666666669
1.4,7.9,4.3,48.848466666666674
1.4,7.9,4.6,49.86101666666667
1.4,7.9,4.9,50.87356666666667
1.4,7.9,5.2,51.88611666666667
1.4,7.9,5.5,52.89866666666667
1.4,7.9,5.800000000000001,53.911216666666675
1.4,7.9,6.1000000000000005,54.92376666666668
1.4,7.9,6.4,55.93631666666668
1.4,7.9,6.7,56.94886666666668
1.4,7.9,7.0,57.96141666666668
1.4,7.9,7.300000000000001,58.97396666666668
1.4,7.9,7.6000000000000005,59.986516666666674
1.4,7.9,7.9,60.99906666666668
1.4,7.9,8.200000000000001,62.01161666666668
1.4,7.9,8.5,63.02416666666668
1.4,7.9,8.8,64.03671666666668
1.4,7.9,9.100000000000001,65.04926666666668
1.4,7.9,9.4,66.06181666666669
1.4,7.9,9.7,67.07436666666669
1.4,8.200000000000001,4.6,49.36326666666666
1.4,8.200000000000001,4.9,50.39606666666666
1.4,8.200000000000001,5.2,51.428866666666664
1.4,8.200000000000001,5.5,52.461666666666666
1.4,8.200000000000001,5.800000000000001,53.49446666666667
1.4,8.200000000000001,6.1000000000000005,54.52726666666667
1.4,8.200000000000001,6.4,55.56006666666667
1.4,8.200000000000001,6.7,56.59286666666667
1.4,8.200000000000001,7.0,57.625666666666675
1.4,8.200000000000001,7.300000000000001,58.658466666666676
1.4,8.200000000000001,7.6000000000000005,59.69126666666668
1.4,8.200000000000001,7.9,60.72406666666667
1.4,8.200000000000001,8.200000000000001,61.75686666666668
1.4,8.200000000000001,8.5,62.789666666666676
1.4,8.200000000000001,8.8,63.82246666666668
1.4,8.200000000000001,9.100000000000001,64.85526666666668
1.4,8.200000000000001,9.4,65.88806666666669
1.4,8.5,4.9,49.91856666666666
1.4,8.5,5.2,50.97161666666667
1.4,8.5,5.5,52.02466666666667
1.4,8.5,5.800000000000001,53.077716666666674
1.4,8.5,6.1000000000000005,54.13076666666667
1.4,8.5,6.4,55.18381666666667
1.4,8.5,6.7,56.23686666666668
1.4,8.5,7.0,57.28991666666668
1.4,8.5,7.300000000000001,58.34296666666668
1.4,8.5,7.6000000000000005,59.39601666666668
1.4,8.5,7.9,60.44906666666668
1.4,8.5,8.200000000000001,61.50211666666668
1.4,8.5,8.5,62.55516666666668
1.4,8.5,8.8,63.608216666666685
1.4,8.5,9.100000000000001,64.66126666666669
1.4,8.8,5.2,50.51436666666666
1.4,8.8,5.5,51.587666666666664
1.4,8.8,5.800000000000001,52.66096666666667
1.4,8.8,6.1000000000000005,53.73426666666667
1.4,8.8,6.4,54.80756666666667
1.4,8.8,6.7,55.88086666666668
1.4,8.8,7.0,56.95416666666667
1.4,8.8,7.300000000000001,58.027466666666676
1.4,8.8,7.6000000000000005,59.10076666666667
1.4,8.8,7.9,60.174066666666675
1.4,8.8,8.200000000000001,61.24736666666668
1.4,8.8,8.5,62.32066666666668
1.4,8.8,8.8,63.393966666666685
1.4,9.100000000000001,5.5,51.150666666666666
1.4,9.100000000000001,5.800000000000001,52.24421666666667
1.4,9.100000000000001,6.1000000000000005,53.337766666666674
1.4,9.100000000000001,6.4,54.431316666666675
1.4,9.100000000000001,6.7,55.524866666666675
1.4,9.100000000000001,7.0,56.61841666666668
1.4,9.100000000000001,7.300000000000001,57.71196666666668
1.4,9.100000000000001,7.6000000000000005,58.805516666666676
1.4,9.100000000000001,7.9,59.89906666666668
1.4,9.100000000000001,8.200000000000001,60.992616666666684
1.4,9.100000000000001,8.5,62.086166666666685
1.4,9.4,5.800000000000001,51.827466666666666
1.4,9.4,6.1000000000000005,52.941266666666664
1.4,9.4,6.4,54.05506666666667
1.4,9.4,6.7,55.16886666666667
1.4,9.4,7.0,56.28266666666668
1.4,9.4,7.300000000000001,57.396466666666676
1.4,9.4,7.6000000000000005,58.51026666666668
1.4,9.4,7.9,59.62406666666668
1.4,9.4,8.200000000000001,60.73786666666668
1.4,9.7,6.1000000000000005,52.54476666666667
1.4,9.7,6.4,53.67881666666667
1.4,9.7,6.7,54.81286666666668
1.4,9.7,7.0,55.94691666666668
1.4,9.7,7.300000000000001,57.08096666666668
1.4,9.7,7.6000000000000005,58.215016666666685
1.4,9.7,7.9,59.34906666666668
1.4,10.0,6.4,53.30256666666667
1.4,10.0,6.7,54.45686666666667
1.4,10.0,7.0,55.611166666666676
1.4,10.0,7.300000000000001,56.765466666666676
1.4,10.0,7.6000000000000005,57.919766666666675
1.4500000000000002,4.0,6.7,61.68626666666669
1.4500000000000002,4.0,7.0,62.50616666666669
1.4500000000000002,4.0,7.300000000000001,63.32606666666669
1.4500000000000002,4.3,6.4,60.542366666666695
1.4500000000000002,4.3,6.7,61.382516666666696
1.4500000000000002,4.3,7.0,62.22266666666669
1.4500000000000002,4.3,7.300000000000001,63.06281666666669
1.4500000000000002,4.3,7.6000000000000005,63.90296666666669
1.4500000000000002,4.6,6.1000000000000005,59.3579666666667
1.4500000000000002,4.6,6.4,60.2183666666667
1.4500000000000002,4.6,6.7,61.078766666666695
1.4500000000000002,4.6,7.0,61.939166666666694
1.4500000000000002,4.6,7.300000000000001,62.79956666666669
1.4500000000000002,4.6,7.6000000000000005,63.65996666666669
1.4500000000000002,4.6,7.9,64.52036666666669
1.4500000000000002,4.9,5.800000000000001,58.1330666666667
1.4500000000000002,4.9,6.1000000000000005,59.013716666666696
1.4500000000000002,4.9,6.4,59.894366666666684
1.4500000000000002,4.9,6.7,60.77501666666669
1.4500000000000002,4.9,7.0,61.65566666666668
1.4500000000000002,4.9,7.300000000000001,62.536316666666686
1.4500000000000002,4.9,7.6000000000000005,63.41696666666668
1.4500000000000002,4.9,7.9,64.29761666666668
1.4500000000000002,4.9,8.200000000000001,65.17826666666669
1.4500000000000002,5.2,5.5,56.8676666666667
1.4500000000000002,5.2,5.800000000000001,57.7685666666667
1.4500000000000002,5.2,6.1000000000000005,58.6694666666667
1.4500000000000002,5.2,6.4,59.5703666666667
1.4500000000000002,5.2,6.7,60.47126666666669
1.4500000000000002,5.2,7.0,61.372166666666686
1.4500000000000002,5.2,7.300000000000001,62.273066666666686
1.4500000000000002,5.2,7.6000000000000005,63.173966666666686
1.4500000000000002,5.2,7.9,64.07486666666668
1.4500000000000002,5.2,8.200000000000001,64.97576666666669
1.4500000000000002,5.2,8.5,65.87666666666668
1.4500000000000002,5.5,5.2,55.56176666666669
1.4500000000000002,5.5,5.5,56.482916666666696
1.4500000000000002,5.5,5.800000000000001,57.404066666666694
1.4500000000000002,5.5,6.1000000000000005,58.32521666666669
1.4500000000000002,5.5,6.4,59.246366666666695
1.4500000000000002,5.5,6.7,60.16751666666669
1.4500000000000002,5.5,7.0,61.08866666666669
1.4500000000000002,5.5,7.300000000000001,62.009816666666694
1.4500000000000002,5.5,7.6000000000000005,62.93096666666669
1.4500000000000002,5.5,7.9,63.85211666666669
1.4500000000000002,5.5,8.200000000000001,64.77326666666669
1.4500000000000002,5.5,8.5,65.69441666666667
1.4500000000000002,5.5,8.8,66.61556666666668
1.4500000000000002,5.800000000000001,4.9,54.21536666666669
1.4500000000000002,5.800000000000001,5.2,55.15676666666669
1.4500000000000002,5.800000000000001,5.5,56.098166666666685
1.4500000000000002,5.800000000000001,5.800000000000001,57.03956666666669
1.4500000000000002,5.800000000000001,6.1000000000000005,57.98096666666669
1.4500000000000002,5.800000000000001,6.4,58.92236666666669
1.4500000000000002,5.800000000000001,6.7,59.86376666666669
1.4500000000000002,5.800000000000001,7.0,60.805166666666686
1.4500000000000002,5.800000000000001,7.300000000000001,61.74656666666669
1.4500000000000002,5.800000000000001,7.6000000000000005,62.68796666666668
1.4500000000000002,5.800000000000001,7.9,63.629366666666684
1.4500000000000002,5.800000000000001,8.200000000000001,64.57076666666669
1.4500000000000002,5.800000000000001,8.5,65.51216666666667
1.4500000000000002,5.800000000000001,8.8,66.45356666666667
1.4500000000000002,5.800000000000001,9.100000000000001,67.39496666666668
1.4500000000000002,6.1000000000000005,4.6,52.82846666666669
1.4500000000000002,6.1000000000000005,4.9,53.79011666666669
1.4500000000000002,6.1000000000000005,5.2,54.75176666666669
1.4500000000000002,6.1000000000000005,5.5,55.71341666666669
1.4500000000000002,6.1000000000000005,5.800000000000001,56.675066666666694
1.4500000000000002,6.1000000000000005,6.1000000000000005,57.63671666666669
1.4500000000000002,6.1000000000000005,6.4,58.59836666666669
1.4500000000000002,6.1000000000000005,6.7,59.56001666666669
1.4500000000000002,6.1000000000000005,7.0,60.52166666666669
1.4500000000000002,6.1000000000000005,7.300000000000001,61.48331666666669
1.4500000000000002,6.1000000000000005,7.6000000000000005,62.44496666666669
1.4500000000000002,6.1000000000000005,7.9,63.406616666666686
1.4500000000000002,6.1000000000000005,8.200000000000001,64.36826666666668
1.4500000000000002,6.1000000000000005,8.5,65.32991666666669
1.4500000000000002,6.1000000000000005,8.8,66.29156666666668
1.4500000000000002,6.1000000000000005,9.100000000000001,67.25321666666669
1.4500000000000002,6.1000000000000005,9.4,68.21486666666668
1.4500000000000002,6.4,4.3,51.401066666666686
1.4500000000000002,6.4,4.6,52.38296666666668
1.4500000000000002,6.4,4.9,53.364866666666686
1.4500000000000002,6.4,5.2,54.34676666666668
1.4500000000000002,6.4,5.5,55.328666666666685
1.4500000000000002,6.4,5.800000000000001,56.31056666666669
1.4500000000000002,6.4,6.1000000000000005,57.292466666666684
1.4500000000000002,6.4,6.4,58.27436666666669
1.4500000000000002,6.4,6.7,59.25626666666669
1.4500000000000002,6.4,7.0,60.238166666666686
1.4500000000000002,6.4,7.300000000000001,61.22006666666669
1.4500000000000002,6.4,7.6000000000000005,62.201966666666685
1.4500000000000002,6.4,7.9,63.18386666666668
1.4500000000000002,6.4,8.200000000000001,64.16576666666668
1.4500000000000002,6.4,8.5,65.14766666666668
1.4500000000000002,6.4,8.8,66.12956666666668
1.4500000000000002,6.4,9.100000000000001,67.11146666666669
1.4500000000000002,6.4,9.4,68.0933666666667
1.4500000000000002,6.4,9.7,69.07526666666668
1.4500000000000002,6.7,4.0,49.93316666666669
1.4500000000000002,6.7,4.3,50.93531666666669
1.4500000000000002,6.7,4.6,51.93746666666669
1.4500000000000002,6.7,4.9,52.93961666666669
1.4500000000000002,6.7,5.2,53.94176666666669
1.4500000000000002,6.7,5.5,54.94391666666669
1.4500000000000002,6.7,5.800000000000001,55.94606666666669
1.4500000000000002,6.7,6.1000000000000005,56.94821666666669
1.4500000000000002,6.7,6.4,57.95036666666669
1.4500000000000002,6.7,6.7,58.95251666666669
1.4500000000000002,6.7,7.0,59.95466666666669
1.4500000000000002,6.7,7.300000000000001,60.95681666666669
1.4500000000000002,6.7,7.6000000000000005,61.95896666666669
1.4500000000000002,6.7,7.9,62.96111666666668
1.4500000000000002,6.7,8.200000000000001,63.963266666666684
1.4500000000000002,6.7,8.5,64.96541666666668
1.4500000000000002,6.7,8.8,65.96756666666668
1.4500000000000002,6.7,9.100000000000001,66.96971666666668
1.4500000000000002,6.7,9.4,67.97186666666668
1.4500000000000002,6.7,9.7,68.97401666666669
1.4500000000000002,6.7,10.0,69.97616666666669
1.4500000000000002,7.0,4.0,49.44716666666669
1.4500000000000002,7.0,4.3,50.46956666666669
1.4500000000000002,7.0,4.6,51.49196666666668
1.4500000000000002,7.0,4.9,52.51436666666668
1.4500000000000002,7.0,5.2,53.53676666666668
1.4500000000000002,7.0,5.5,54.559166666666684
1.4500000000000002,7.0,5.800000000000001,55.58156666666668
1.4500000000000002,7.0,6.1000000000000005,56.603966666666686
1.4500000000000002,7.0,6.4,57.626366666666684
1.4500000000000002,7.0,6.7,58.64876666666669
1.4500000000000002,7.0,7.0,59.671166666666686
1.4500000000000002,7.0,7.300000000000001,60.69356666666669
1.4500000000000002,7.0,7.6000000000000005,61.71596666666668
1.4500000000000002,7.0,7.9,62.73836666666668
1.4500000000000002,7.0,8.200000000000001,63.76076666666668
1.4500000000000002,7.0,8.5,64.78316666666669
1.4500000000000002,7.0,8.8,65.80556666666668
1.4500000000000002,7.0,9.100000000000001,66.82796666666668
1.4500000000000002,7.0,9.4,67.85036666666669
1.4500000000000002,7.0,9.7,68.87276666666669
1.4500000000000002,7.0,10.0,69.89516666666668
1.4500000000000002,7.300000000000001,4.0,48.96116666666668
1.4500000000000002,7.300000000000001,4.3,50.00381666666667
1.4500000000000002,7.300000000000001,4.6,51.046466666666674
1.4500000000000002,7.300000000000001,4.9,52.089116666666676
1.4500000000000002,7.300000000000001,5.2,53.13176666666668
1.4500000000000002,7.300000000000001,5.5,54.17441666666668
1.4500000000000002,7.300000000000001,5.800000000000001,55.21706666666668
1.4500000000000002,7.300000000000001,6.1000000000000005,56.25971666666668
1.4500000000000002,7.300000000000001,6.4,57.30236666666668
1.4500000000000002,7.300000000000001,6.7,58.34501666666668
1.4500000000000002,7.300000000000001,7.0,59.38766666666668
1.4500000000000002,7.300000000000001,7.300000000000001,60.430316666666684
1.4500000000000002,7.300000000000001,7.6000000000000005,61.472966666666686
1.4500000000000002,7.300000000000001,7.9,62.51561666666668
1.4500000000000002,7.300000000000001,8.200000000000001,63.55826666666668
1.4500000000000002,7.300000000000001,8.5,64.60091666666668
1.4500000000000002,7.300000000000001,8.8,65.64356666666669
1.4500000000000002,7.300000000000001,9.100000000000001,66.68621666666668
1.4500000000000002,7.300000000000001,9.4,67.72886666666669
1.4500000000000002,7.300000000000001,9.7,68.77151666666668
1.4500000000000002,7.300000000000001,10.0,69.81416666666668
1.4500000000000002,7.6000000000000005,4.3,49.53806666666667
1.4500000000000002,7.6000000000000005,4.6,50.60096666666667
1.4500000000000002,7.6000000000000005,4.9,51.66386666666668
1.4500000000000002,7.6000000000000005,5.2,52.72676666666668
1.4500000000000002,7.6000000000000005,5.5,53.789666666666676
1.4500000000000002,7.6000000000000005,5.800000000000001,54.85256666666668
1.4500000000000002,7.6000000000000005,6.1000000000000005,55.91546666666668
1.4500000000000002,7.6000000000000005,6.4,56.97836666666668
1.4500000000000002,7.6000000000000005,6.7,58.04126666666669
1.4500000000000002,7.6000000000000005,7.0,59.104166666666686
1.4500000000000002,7.6000000000000005,7.300000000000001,60.167066666666685
1.4500000000000002,7.6000000000000005,7.6000000000000005,61.22996666666669
1.4500000000000002,7.6000000000000005,7.9,62.29286666666668
1.4500000000000002,7.6000000000000005,8.200000000000001,63.35576666666668
1.4500000000000002,7.6000000000000005,8.5,64.41866666666668
1.4500000000000002,7.6000000000000005,8.8,65.48156666666668
1.4500000000000002,7.6000000000000005,9.100000000000001,66.5444666666667
1.4500000000000002,7.6000000000000005,9.4,67.60736666666669
1.4500000000000002,7.6000000000000005,9.7,68.67026666666669
1.4500000000000002,7.9,4.6,50.15546666666667
1.4500000000000002,7.9,4.9,51.23861666666667
1.4500000000000002,7.9,5.2,52.321766666666676
1.4500000000000002,7.9,5.5,53.40491666666667
1.4500000000000002,7.9,5.800000000000001,54.488066666666676
1.4500000000000002,7.9,6.1000000000000005,55.57121666666668
1.4500000000000002,7.9,6.4,56.654366666666675
1.4500000000000002,7.9,6.7,57.73751666666668
1.4500000000000002,7.9,7.0,58.82066666666668
1.4500000000000002,7.9,7.300000000000001,59.903816666666685
1.4500000000000002,7.9,7.6000000000000005,60.986966666666675
1.4500000000000002,7.9,7.9,62.07011666666668
1.4500000000000002,7.9,8.200000000000001,63.15326666666668
1.4500000000000002,7.9,8.5,64.23641666666668
1.4500000000000002,7.9,8.8,65.31956666666669
1.4500000000000002,7.9,9.100000000000001,66.40271666666669
1.4500000000000002,7.9,9.4,67.48586666666668
1.4500000000000002,8.200000000000001,4.9,50.81336666666667
1.4500000000000002,8.200000000000001,5.2,51.91676666666667
1.4500000000000002,8.200000000000001,5.5,53.02016666666667
1.4500000000000002,8.200000000000001,5.800000000000001,54.12356666666667
1.4500000000000002,8.200000000000001,6.1000000000000005,55.22696666666667
1.4500000000000002,8.200000000000001,6.4,56.33036666666668
1.4500000000000002,8.200000000000001,6.7,57.43376666666668
1.4500000000000002,8.200000000000001,7.0,58.53716666666668
1.4500000000000002,8.200000000000001,7.300000000000001,59.64056666666668
1.4500000000000002,8.200000000000001,7.6000000000000005,60.74396666666668
1.4500000000000002,8.200000000000001,7.9,61.84736666666667
1.4500000000000002,8.200000000000001,8.200000000000001,62.95076666666668
1.4500000000000002,8.200000000000001,8.5,64.05416666666667
1.4500000000000002,8.200000000000001,8.8,65.15756666666668
1.4500000000000002,8.200000000000001,9.100000000000001,66.26096666666669
1.4500000000000002,8.5,5.2,51.51176666666667
1.4500000000000002,8.5,5.5,52.63541666666667
1.4500000000000002,8.5,5.800000000000001,53.75906666666667
1.4500000000000002,8.5,6.1000000000000005,54.882716666666674
1.4500000000000002,8.5,6.4,56.00636666666668
1.4500000000000002,8.5,6.7,57.13001666666668
1.4500000000000002,8.5,7.0,58.25366666666668
1.4500000000000002,8.5,7.300000000000001,59.37731666666668
1.4500000000000002,8.5,7.6000000000000005,60.500966666666685
1.4500000000000002,8.5,7.9,61.62461666666668
1.4500000000000002,8.5,8.200000000000001,62.74826666666668
1.4500000000000002,8.5,8.5,63.871916666666685
1.4500000000000002,8.5,8.8,64.99556666666669
1.4500000000000002,8.8,5.5,52.25066666666667
1.4500000000000002,8.8,5.800000000000001,53.39456666666667
1.4500000000000002,8.8,6.1000000000000005,54.53846666666667
1.4500000000000002,8.8,6.4,55.682366666666674
1.4500000000000002,8.8,6.7,56.826266666666676
1.4500000000000002,8.8,7.0,57.97016666666668
1.4500000000000002,8.8,7.300000000000001,59.11406666666668
1.4500000000000002,8.8,7.6000000000000005,60.257966666666675
1.4500000000000002,8.8,7.9,61.40186666666668
1.4500000000000002,8.8,8.200000000000001,62.54576666666668
1.4500000000000002,8.8,8.5,63.68966666666668
1.4500000000000002,9.100000000000001,5.800000000000001,53.03006666666667
1.4500000000000002,9.100000000000001,6.1000000000000005,54.19421666666667
1.4500000000000002,9.100000000000001,6.4,55.358366666666676
1.4500000000000002,9.100000000000001,6.7,56.522516666666675
1.4500000000000002,9.100000000000001,7.0,57.68666666666668
1.4500000000000002,9.100000000000001,7.300000000000001,58.85081666666668
1.4500000000000002,9.100000000000001,7.6000000000000005,60.01496666666668
1.4500000000000002,9.100000000000001,7.9,61.17911666666668
1.4500000000000002,9.100000000000001,8.200000000000001,62.343266666666686
1.4500000000000002,9.4,6.1000000000000005,53.84996666666667
1.4500000000000002,9.4,6.4,55.03436666666667
1.4500000000000002,9.4,6.7,56.218766666666674
1.4500000000000002,9.4,7.0,57.40316666666668
1.4500000000000002,9.4,7.300000000000001,58.58756666666668
1.4500000000000002,9.4,7.6000000000000005,59.771966666666685
1.4500000000000002,9.4,7.9,60.956366666666675
1.4500000000000002,9.7,6.4,54.71036666666667
1.4500000000000002,9.7,6.7,55.91501666666667
1.4500000000000002,9.7,7.0,57.11966666666668
1.4500000000000002,9.7,7.300000000000001,58.32431666666668
1.4500000000000002,9.7,7.6000000000000005,59.52896666666669
1.4500000000000002,10.0,6.7,55.61126666666667
1.4500000000000002,10.0,7.0,56.83616666666667
1.4500000000000002,10.0,7.300000000000001,58.061066666666676
1.5,4.0,7.0,62.68616666666669
1.5,4.3,6.7,61.5441666666667
1.5,4.3,7.0,62.45491666666669
1.5,4.3,7.300000000000001,63.36566666666669
1.5,4.6,6.4,60.3616666666667
1.5,4.6,6.7,61.2926666666667
1.5,4.6,7.0,62.223666666666695
1.5,4.6,7.300000000000001,63.1546666666667
1.5,4.6,7.6000000000000005,64.0856666666667
1.5,4.9,6.1000000000000005,59.138666666666694
1.5,4.9,6.4,60.08991666666669
1.5,4.9,6.7,61.04116666666669
1.5,4.9,7.0,61.992416666666685
1.5,4.9,7.300000000000001,62.94366666666669
1.5,4.9,7.6000000000000005,63.89491666666669
1.5,4.9,7.9,64.84616666666669
1.5,5.2,5.800000000000001,57.8751666666667
1.5,5.2,6.1000000000000005,58.8466666666667
1.5,5.2,6.4,59.81816666666669
1.5,5.2,6.7,60.78966666666669
1.5,5.2,7.0,61.76116666666669
1.5,5.2,7.300000000000001,62.73266666666669
1.5,5.2,7.6000000000000005,63.70416666666669
1.5,5.2,7.9,64.67566666666669
1.5,5.2,8.200000000000001,65.64716666666669
1.5,5.5,5.5,56.5711666666667
1.5,5.5,5.800000000000001,57.562916666666695
1.5,5.5,6.1000000000000005,58.55466666666669
1.5,5.5,6.4,59.546416666666694
1.5,5.5,6.7,60.53816666666669
1.5,5.5,7.0,61.52991666666669
1.5,5.5,7.300000000000001,62.52166666666669
1.5,5.5,7.6000000000000005,63.51341666666669
1.5,5.5,7.9,64.5051666666667
1.5,5.5,8.200000000000001,65.49691666666669
1.5,5.5,8.5,66.48866666666669
1.5,5.800000000000001,5.2,55.22666666666669
1.5,5.800000000000001,5.5,56.23866666666669
1.5,5.800000000000001,5.800000000000001,57.25066666666669
1.5,5.800000000000001,6.1000000000000005,58.26266666666669
1.5,5.800000000000001,6.4,59.27466666666669
1.5,5.800000000000001,6.7,60.28666666666669
1.5,5.800000000000001,7.0,61.29866666666668
1.5,5.800000000000001,7.300000000000001,62.310666666666684
1.5,5.800000000000001,7.6000000000000005,63.322666666666684
1.5,5.800000000000001,7.9,64.33466666666668
1.5,5.800000000000001,8.200000000000001,65.34666666666668
1.5,5.800000000000001,8.5,66.35866666666668
1.5,5.800000000000001,8.8,67.37066666666668
1.5,6.1000000000000005,4.9,53.8416666666667
1.5,6.1000000000000005,5.2,54.873916666666695
1.5,6.1000000000000005,5.5,55.90616666666669
1.5,6.1000000000000005,5.800000000000001,56.93841666666669
1.5,6.1000000000000005,6.1000000000000005,57.970666666666695
1.5,6.1000000000000005,6.4,59.00291666666669
1.5,6.1000000000000005,6.7,60.03516666666669
1.5,6.1000000000000005,7.0,61.06741666666669
1.5,6.1000000000000005,7.300000000000001,62.099666666666685
1.5,6.1000000000000005,7.6000000000000005,63.13191666666668
1.5,6.1000000000000005,7.9,64.16416666666669
1.5,6.1000000000000005,8.200000000000001,65.19641666666669
1.5,6.1000000000000005,8.5,66.22866666666668
1.5,6.1000000000000005,8.8,67.26091666666669
1.5,6.1000000000000005,9.100000000000001,68.29316666666668
1.5,6.4,4.6,52.41616666666668
1.5,6.4,4.9,53.468666666666685
1.5,6.4,5.2,54.52116666666669
1.5,6.4,5.5,55.57366666666669
1.5,6.4,5.800000000000001,56.62616666666669
1.5,6.4,6.1000000000000005,57.678666666666686
1.5,6.4,6.4,58.73116666666669
1.5,6.4,6.7,59.78366666666669
1.5,6.4,7.0,60.836166666666685
1.5,6.4,7.300000000000001,61.88866666666669
1.5,6.4,7.6000000000000005,62.94116666666668
1.5,6.4,7.9,63.993666666666684
1.5,6.4,8.200000000000001,65.04616666666668
1.5,6.4,8.5,66.09866666666669
1.5,6.4,8.8,67.15116666666668
1.5,6.4,9.100000000000001,68.20366666666668
1.5,6.4,9.4,69.25616666666667
1.5,6.7,4.3,50.95016666666669
1.5,6.7,4.6,52.02291666666669
1.5,6.7,4.9,53.09566666666669
1.5,6.7,5.2,54.16841666666669
1.5,6.7,5.5,55.241166666666686
1.5,6.7,5.800000000000001,56.31391666666669
1.5,6.7,6.1000000000000005,57.38666666666669
1.5,6.7,6.4,58.45941666666669
1.5,6.7,6.7,59.53216666666669
1.5,6.7,7.0,60.60491666666669
1.5,6.7,7.300000000000001,61.67766666666669
1.5,6.7,7.6000000000000005,62.75041666666669
1.5,6.7,7.9,63.82316666666669
1.5,6.7,8.200000000000001,64.8959166666667
1.5,6.7,8.5,65.96866666666669
1.5,6.7,8.8,67.04141666666669
1.5,6.7,9.100000000000001,68.11416666666669
1.5,6.7,9.4,69.18691666666668
1.5,6.7,9.7,70.25966666666667
1.5,7.0,4.0,49.44366666666669
1.5,7.0,4.3,50.53666666666668
1.5,7.0,4.6,51.62966666666668
1.5,7.0,4.9,52.72266666666668
1.5,7.0,5.2,53.81566666666668
1.5,7.0,5.5,54.90866666666668
1.5,7.0,5.800000000000001,56.00166666666669
1.5,7.0,6.1000000000000005,57.09466666666668
1.5,7.0,6.4,58.187666666666686
1.5,7.0,6.7,59.28066666666668
1.5,7.0,7.0,60.37366666666668
1.5,7.0,7.300000000000001,61.46666666666668
1.5,7.0,7.6000000000000005,62.55966666666668
1.5,7.0,7.9,63.65266666666668
1.5,7.0,8.200000000000001,64.74566666666668
1.5,7.0,8.5,65.83866666666668
1.5,7.0,8.8,66.93166666666669
1.5,7.0,9.100000000000001,68.02466666666669
1.5,7.0,9.4,69.11766666666668
1.5,7.0,9.7,70.21066666666668
1.5,7.0,10.0,71.30366666666669
1.5,7.300000000000001,4.3,50.12316666666668
1.5,7.300000000000001,4.6,51.23641666666667
1.5,7.300000000000001,4.9,52.34966666666668
1.5,7.300000000000001,5.2,53.46291666666668
1.5,7.300000000000001,5.5,54.57616666666668
1.5,7.300000000000001,5.800000000000001,55.68941666666668
1.5,7.300000000000001,6.1000000000000005,56.80266666666668
1.5,7.300000000000001,6.4,57.91591666666668
1.5,7.300000000000001,6.7,59.02916666666668
1.5,7.300000000000001,7.0,60.14241666666668
1.5,7.300000000000001,7.300000000000001,61.255666666666684
1.5,7.300000000000001,7.6000000000000005,62.36891666666668
1.5,7.300000000000001,7.9,63.48216666666668
1.5,7.300000000000001,8.200000000000001,64.59541666666668
1.5,7.300000000000001,8.5,65.70866666666669
1.5,7.300000000000001,8.8,66.82191666666668
1.5,7.300000000000001,9.100000000000001,67.93516666666669
1.5,7.300000000000001,9.4,69.04841666666668
1.5,7.300000000000001,9.7,70.16166666666669
1.5,7.6000000000000005,4.6,50.843166666666676
1.5,7.6000000000000005,4.9,51.97666666666668
1.5,7.6000000000000005,5.2,53.11016666666668
1.5,7.6000000000000005,5.5,54.24366666666668
1.5,7.6000000000000005,5.800000000000001,55.37716666666668
1.5,7.6000000000000005,6.1000000000000005,56.51066666666668
1.5,7.6000000000000005,6.4,57.644166666666685
1.5,7.6000000000000005,6.7,58.77766666666668
1.5,7.6000000000000005,7.0,59.91116666666669
1.5,7.6000000000000005,7.300000000000001,61.044666666666686
1.5,7.6000000000000005,7.6000000000000005,62.178166666666684
1.5,7.6000000000000005,7.9,63.31166666666668
1.5,7.6000000000000005,8.200000000000001,64.44516666666668
1.5,7.6000000000000005,8.5,65.57866666666669
1.5,7.6000000000000005,8.8,66.71216666666669
1.5,7.6000000000000005,9.100000000000001,67.84566666666669
1.5,7.6000000000000005,9.4,68.97916666666669
1.5,7.9,4.9,51.60366666666667
1.5,7.9,5.2,52.75741666666667
1.5,7.9,5.5,53.911166666666674
1.5,7.9,5.800000000000001,55.064916666666676
1.5,7.9,6.1000000000000005,56.21866666666668
1.5,7.9,6.4,57.37241666666668
1.5,7.9,6.7,58.52616666666668
1.5,7.9,7.0,59.67991666666667
1.5,7.9,7.300000000000001,60.83366666666667
1.5,7.9,7.6000000000000005,61.987416666666675
1.5,7.9,7.9,63.14116666666668
1.5,7.9,8.200000000000001,64.29491666666668
1.5,7.9,8.5,65.44866666666668
1.5,7.9,8.8,66.60241666666668
1.5,7.9,9.100000000000001,67.75616666666669
1.5,8.200000000000001,5.2,52.404666666666664
1.5,8.200000000000001,5.5,53.57866666666667
1.5,8.200000000000001,5.800000000000001,54.75266666666667
1.5,8.200000000000001,6.1000000000000005,55.92666666666668
1.5,8.200000000000001,6.4,57.100666666666676
1.5,8.200000000000001,6.7,58.274666666666675
1.5,8.200000000000001,7.0,59.448666666666675
1.5,8.200000000000001,7.300000000000001,60.62266666666668
1.5,8.200000000000001,7.6000000000000005,61.796666666666674
1.5,8.200000000000001,7.9,62.97066666666667
1.5,8.200000000000001,8.200000000000001,64.14466666666668
1.5,8.200000000000001,8.5,65.31866666666667
1.5,8.200000000000001,8.8,66.49266666666668
1.5,8.5,5.5,53.24616666666667
1.5,8.5,5.800000000000001,54.44041666666667
1.5,8.5,6.1000000000000005,55.634666666666675
1.5,8.5,6.4,56.82891666666668
1.5,8.5,6.7,58.023166666666675
1.5,8.5,7.0,59.21741666666668
1.5,8.5,7.300000000000001,60.41166666666668
1.5,8.5,7.6000000000000005,61.60591666666668
1.5,8.5,7.9,62.80016666666668
1.5,8.5,8.200000000000001,63.99441666666668
1.5,8.5,8.5,65.18866666666668
1.5,8.8,5.800000000000001,54.128166666666665
1.5,8.8,6.1000000000000005,55.34266666666667
1.5,8.8,6.4,56.557166666666674
1.5,8.8,6.7,57.771666666666675
1.5,8.8,7.0,58.98616666666667
1.5,8.8,7.300000000000001,60.20066666666667
1.5,8.8,7.6000000000000005,61.41516666666668
1.5,8.8,7.9,62.62966666666668
1.5,8.8,8.200000000000001,63.84416666666668
1.5,9.100000000000001,6.1000000000000005,55.05066666666667
1.5,9.100000000000001,6.4,56.28541666666668
1.5,9.100000000000001,6.7,57.520166666666675
1.5,9.100000000000001,7.0,58.754916666666674
1.5,9.100000000000001,7.300000000000001,59.98966666666668
1.5,9.100000000000001,7.6000000000000005,61.22441666666668
1.5,9.100000000000001,7.9,62.45916666666668
1.5,9.4,6.4,56.01366666666667
1.5,9.4,6.7,57.268666666666675
1.5,9.4,7.0,58.52366666666668
1.5,9.4,7.300000000000001,59.77866666666668
1.5,9.4,7.6000000000000005,61.033666666666676
1.5,9.7,6.7,57.017166666666675
1.5,9.7,7.0,58.29241666666668
1.5,9.7,7.300000000000001,59.56766666666668
1.5,10.0,7.0,58.061166666666665
